customer_id,transaction_id,timestamp,amount,category,merchant_id,payment_method,device,city,balance,is_online
C001,T1,2025-08-01,12064,fuel,M39,upi,mobile,Bangalore,159894,0
C001,T2,2025-08-02,16123,travel,M22,card,web,Hyderabad,143771,1
C001,T3,2025-08-03,5151,fuel,M33,upi,web,Mumbai,138620,1
C001,T4,2025-08-05,18531,fashion,M16,netbanking,web,Delhi,120089,0
C001,T5,2025-08-06,3656,travel,M7,card,mobile,Bangalore,116433,1
C001,T6,2025-08-06,10727,groceries,M14,upi,web,Mumbai,105706,1
C001,T7,2025-08-06,2712,electronics,M20,netbanking,web,Bangalore,102994,1
C001,T8,2025-08-07,14641,groceries,M36,upi,web,Hyderabad,88353,1
C001,T9,2025-08-08,8089,fuel,M18,upi,web,Delhi,80264,1
C001,T10,2025-08-09,1116,entertainment,M40,card,web,Mumbai,79148,1
C001,T11,2025-08-09,17362,fuel,M24,upi,mobile,Hyderabad,61786,1
C001,T12,2025-08-09,8671,fuel,M41,card,mobile,Mumbai,53115,0
C001,T13,2025-08-11,2795,travel,M17,netbanking,mobile,Mumbai,50320,0
C001,T14,2025-08-13,8492,fashion,M34,card,web,Bangalore,41828,0
C001,T15,2025-08-14,9862,groceries,M35,card,mobile,Delhi,31966,0
C001,T16,2025-08-14,17512,electronics,M14,netbanking,mobile,Mumbai,14454,0
C001,T17,2025-08-14,17968,travel,M32,netbanking,mobile,Hyderabad,-3514,0
C001,T18,2025-08-15,1778,travel,M29,card,web,Bangalore,-5292,0
C001,T19,2025-08-15,19641,fashion,M2,upi,mobile,Delhi,-24933,0
C001,T20,2025-08-17,16257,entertainment,M11,upi,mobile,Hyderabad,-41190,0
C001,T21,2025-08-18,1406,entertainment,M13,card,mobile,Bangalore,-42596,1
C001,T22,2025-08-19,3848,groceries,M42,netbanking,mobile,Delhi,-46444,1
C001,T23,2025-08-20,13908,electronics,M12,upi,mobile,Delhi,-60352,0
C001,T24,2025-08-20,1736,groceries,M17,netbanking,mobile,Delhi,-62088,1
C001,T25,2025-08-21,5955,groceries,M1,netbanking,web,Delhi,-68043,0
C001,T26,2025-08-22,5031,travel,M17,netbanking,web,Hyderabad,-73074,0
C001,T27,2025-08-22,19415,electronics,M6,upi,mobile,Bangalore,-92489,1
C001,T28,2025-08-23,11689,fuel,M3,netbanking,web,Bangalore,-104178,1
C001,T29,2025-08-24,3011,fashion,M41,card,web,Hyderabad,-107189,0
C001,T30,2025-08-25,8255,groceries,M25,upi,mobile,Bangalore,-115444,1
C001,T31,2025-08-26,9308,fashion,M49,upi,mobile,Hyderabad,-124752,1
C001,T32,2025-08-27,19654,travel,M48,netbanking,web,Hyderabad,-144406,1
C001,T33,2025-08-27,12283,fashion,M11,card,web,Hyderabad,-156689,1
C001,T34,2025-08-27,15686,entertainment,M25,netbanking,mobile,Mumbai,-172375,1
C001,T35,2025-08-29,5799,groceries,M14,card,web,Hyderabad,-178174,1
C001,T36,2025-08-29,13546,travel,M17,card,web,Hyderabad,-191720,0
C001,T37,2025-08-29,8150,entertainment,M22,upi,web,Delhi,-199870,1
C001,T38,2025-08-30,16709,fuel,M30,card,web,Bangalore,-216579,1
C001,T39,2025-08-30,5700,fuel,M48,netbanking,web,Bangalore,-222279,1
C001,T40,2025-08-31,18689,fuel,M46,card,web,Bangalore,-240968,1
C001,T41,2025-09-02,17464,groceries,M3,upi,mobile,Delhi,-258432,0
C001,T42,2025-09-02,669,travel,M40,upi,web,Delhi,-259101,1
C001,T43,2025-09-02,4114,entertainment,M23,upi,mobile,Bangalore,-263215,1
C001,T44,2025-09-02,1509,electronics,M17,card,mobile,Bangalore,-264724,1
C001,T45,2025-09-02,7443,fuel,M42,netbanking,web,Bangalore,-272167,1
C001,T46,2025-09-03,4880,fashion,M1,upi,web,Delhi,-277047,1
C001,T47,2025-09-03,13503,electronics,M2,netbanking,mobile,Delhi,-290550,0
C001,T48,2025-09-03,17058,entertainment,M22,upi,web,Delhi,-307608,0
C001,T49,2025-09-05,15428,fuel,M44,card,mobile,Hyderabad,-323036,1
C001,T50,2025-09-05,976,fashion,M30,netbanking,mobile,Bangalore,-324012,1
C001,T51,2025-09-06,8411,travel,M28,upi,mobile,Delhi,-332423,0
C001,T52,2025-09-06,8408,entertainment,M23,netbanking,mobile,Hyderabad,-340831,0
C001,T53,2025-09-06,18148,electronics,M1,netbanking,web,Hyderabad,-358979,1
C001,T54,2025-09-09,17064,entertainment,M29,netbanking,mobile,Hyderabad,-376043,1
C001,T55,2025-09-09,1779,travel,M37,upi,mobile,Mumbai,-377822,1
C001,T56,2025-09-09,9535,fuel,M47,card,web,Delhi,-387357,1
C001,T57,2025-09-10,2579,fuel,M39,card,web,Delhi,-389936,0
C001,T58,2025-09-10,5981,electronics,M5,upi,web,Bangalore,-395917,1
C001,T59,2025-09-11,4711,electronics,M49,netbanking,web,Hyderabad,-400628,1
C001,T60,2025-09-11,6933,travel,M33,card,mobile,Bangalore,-407561,0
C001,T61,2025-09-11,5487,travel,M1,card,web,Delhi,-413048,0
C001,T62,2025-09-17,16381,electronics,M26,upi,web,Bangalore,-429429,0
C001,T63,2025-09-18,11438,fuel,M36,card,mobile,Mumbai,-440867,0
C001,T64,2025-09-18,11757,fuel,M9,netbanking,mobile,Bangalore,-452624,1
C001,T65,2025-09-20,7457,fuel,M12,card,mobile,Mumbai,-460081,0
C001,T66,2025-09-21,13684,groceries,M20,card,web,Mumbai,-473765,0
C001,T67,2025-09-24,5586,fuel,M5,netbanking,web,Mumbai,-479351,1
C001,T68,2025-09-24,11230,fuel,M36,card,mobile,Hyderabad,-490581,0
C001,T69,2025-09-24,1162,fuel,M42,upi,mobile,Delhi,-491743,0
C001,T70,2025-09-24,4829,fuel,M35,netbanking,mobile,Bangalore,-496572,0
C001,T71,2025-09-27,1642,entertainment,M13,upi,mobile,Delhi,-498214,0
C001,T72,2025-09-27,19165,electronics,M5,card,mobile,Delhi,-517379,0
C001,T73,2025-09-28,7594,groceries,M45,upi,web,Bangalore,-524973,0
C001,T74,2025-09-28,6688,fashion,M39,netbanking,web,Delhi,-531661,0
C001,T75,2025-09-28,15585,travel,M45,card,web,Hyderabad,-547246,1
C001,T76,2025-10-02,923,groceries,M38,card,web,Delhi,-548169,1
C001,T77,2025-10-02,13072,fuel,M47,card,web,Delhi,-561241,0
C001,T78,2025-10-02,11103,fuel,M36,netbanking,mobile,Hyderabad,-572344,0
C001,T79,2025-10-02,15861,groceries,M49,upi,mobile,Bangalore,-588205,0
C001,T80,2025-10-03,13423,electronics,M32,upi,web,Hyderabad,-601628,1
C001,T81,2025-10-03,9437,fashion,M36,upi,web,Delhi,-611065,1
C001,T82,2025-10-03,639,fashion,M37,card,web,Hyderabad,-611704,0
C001,T83,2025-10-04,2879,fuel,M13,upi,mobile,Mumbai,-614583,1
C001,T84,2025-10-04,5813,travel,M5,netbanking,mobile,Delhi,-620396,1
C001,T85,2025-10-05,1115,groceries,M1,upi,web,Bangalore,-621511,0
C001,T86,2025-10-05,4258,groceries,M22,netbanking,mobile,Mumbai,-625769,0
C001,T87,2025-10-11,3736,fuel,M10,upi,mobile,Mumbai,-629505,0
C001,T88,2025-10-11,6097,groceries,M45,card,web,Delhi,-635602,0
C001,T89,2025-10-11,5076,electronics,M28,netbanking,web,Bangalore,-640678,1
C001,T90,2025-10-11,16733,electronics,M3,netbanking,web,Hyderabad,-657411,0
C001,T91,2025-10-12,19298,fuel,M21,upi,web,Bangalore,-676709,0
C001,T92,2025-10-12,15881,fashion,M34,upi,web,Delhi,-692590,1
C001,T93,2025-10-12,7041,travel,M34,card,web,Mumbai,-699631,1
C001,T94,2025-10-13,10420,fuel,M29,upi,web,Mumbai,-710051,1
C001,T95,2025-10-13,19316,fashion,M20,card,web,Delhi,-729367,0
C001,T96,2025-10-14,12115,travel,M47,card,mobile,Bangalore,-741482,1
C001,T97,2025-10-17,10011,groceries,M3,netbanking,mobile,Mumbai,-751493,1
C001,T98,2025-10-22,13816,entertainment,M1,card,mobile,Hyderabad,-765309,1
C001,T99,2025-10-23,14224,travel,M9,upi,mobile,Bangalore,-779533,0
C001,T100,2025-10-24,4532,electronics,M36,card,web,Mumbai,-784065,0
C001,T101,2025-10-24,17760,fashion,M15,netbanking,mobile,Hyderabad,-801825,1
C001,T102,2025-10-25,2225,electronics,M45,upi,web,Bangalore,-804050,1
C001,T103,2025-10-27,19829,electronics,M38,netbanking,mobile,Bangalore,-823879,1
C001,T104,2025-10-27,8252,fuel,M28,upi,mobile,Mumbai,-832131,0
C001,T105,2025-10-27,6329,electronics,M44,card,mobile,Mumbai,-838460,1
C001,T106,2025-10-28,16716,fuel,M18,netbanking,web,Bangalore,-855176,1
C001,T107,2025-10-29,6838,electronics,M41,card,web,Hyderabad,-862014,1
C001,T108,2025-10-29,15779,electronics,M45,upi,mobile,Mumbai,-877793,0
C001,T109,2025-10-31,6867,fashion,M30,netbanking,web,Delhi,-884660,1
C001,T110,2025-11-02,2690,fuel,M36,netbanking,web,Delhi,-887350,1
C001,T111,2025-11-03,19035,entertainment,M2,netbanking,mobile,Hyderabad,-906385,1
C001,T112,2025-11-03,13846,fuel,M44,card,web,Delhi,-920231,1
C001,T113,2025-11-03,16708,fashion,M49,netbanking,mobile,Delhi,-936939,1
C001,T114,2025-11-04,7088,travel,M3,card,web,Delhi,-944027,1
C001,T115,2025-11-07,10668,groceries,M9,netbanking,mobile,Hyderabad,-954695,1
C001,T116,2025-11-07,3590,entertainment,M31,card,mobile,Delhi,-958285,1
C001,T117,2025-11-07,335,electronics,M14,card,web,Bangalore,-958620,0
C001,T118,2025-11-09,8107,travel,M41,card,web,Hyderabad,-966727,1
C001,T119,2025-11-09,15624,fuel,M19,netbanking,web,Delhi,-982351,1
C001,T120,2025-11-09,17084,fuel,M42,card,web,Hyderabad,-999435,1
C001,T121,2025-11-10,12054,fuel,M38,card,mobile,Bangalore,-1011489,0
C001,T122,2025-11-11,11346,electronics,M14,card,web,Hyderabad,-1022835,0
C001,T123,2025-11-12,17686,electronics,M15,netbanking,mobile,Mumbai,-1040521,1
C001,T124,2025-11-12,9546,travel,M36,card,web,Mumbai,-1050067,0
C001,T125,2025-11-13,2343,entertainment,M2,upi,mobile,Bangalore,-1052410,1
C001,T126,2025-11-13,11204,entertainment,M38,card,mobile,Bangalore,-1063614,1
C001,T127,2025-11-14,14482,fashion,M12,card,web,Bangalore,-1078096,0
C001,T128,2025-11-14,2774,travel,M36,upi,mobile,Bangalore,-1080870,0
C001,T129,2025-11-15,914,electronics,M46,netbanking,web,Delhi,-1081784,0
C001,T130,2025-11-15,7883,entertainment,M18,card,mobile,Bangalore,-1089667,1
C001,T131,2025-11-15,927,travel,M12,card,web,Mumbai,-1090594,1
C001,T132,2025-11-16,7296,entertainment,M40,card,web,Bangalore,-1097890,0
C001,T133,2025-11-16,1892,entertainment,M37,card,web,Delhi,-1099782,1
C001,T134,2025-11-18,9624,groceries,M10,card,mobile,Delhi,-1109406,0
C001,T135,2025-11-18,8070,fashion,M25,upi,mobile,Delhi,-1117476,1
C001,T136,2025-11-18,8170,electronics,M27,upi,mobile,Mumbai,-1125646,1
C001,T137,2025-11-18,13326,travel,M44,netbanking,mobile,Delhi,-1138972,1
C001,T138,2025-11-19,13572,groceries,M29,netbanking,mobile,Delhi,-1152544,1
C001,T139,2025-11-21,13495,groceries,M49,upi,web,Hyderabad,-1166039,0
C001,T140,2025-11-22,2582,travel,M19,upi,web,Delhi,-1168621,0
C001,T141,2025-11-22,9792,entertainment,M16,netbanking,web,Mumbai,-1178413,1
C001,T142,2025-11-22,5590,electronics,M2,upi,web,Mumbai,-1184003,1
C001,T143,2025-11-23,19819,fuel,M39,netbanking,web,Delhi,-1203822,1
C001,T144,2025-11-23,10193,electronics,M33,netbanking,mobile,Hyderabad,-1214015,1
C001,T145,2025-11-24,11098,travel,M24,netbanking,mobile,Bangalore,-1225113,0
C001,T146,2025-11-24,8619,entertainment,M47,card,mobile,Bangalore,-1233732,0
C001,T147,2025-11-25,15249,travel,M16,card,web,Mumbai,-1248981,1
C001,T148,2025-11-25,15170,electronics,M7,upi,mobile,Mumbai,-1264151,0
C001,T149,2025-11-25,3552,travel,M36,card,web,Delhi,-1267703,1
C001,T150,2025-11-25,10212,fuel,M20,netbanking,web,Bangalore,-1277915,1
C001,T151,2025-11-26,18039,fuel,M37,upi,web,Delhi,-1295954,0
C001,T152,2025-11-27,11193,fashion,M24,card,web,Delhi,-1307147,1
C001,T153,2025-11-28,3286,groceries,M14,card,web,Delhi,-1310433,0
C001,T154,2025-11-28,1404,groceries,M22,netbanking,web,Hyderabad,-1311837,1
C001,T155,2025-11-29,9096,travel,M6,upi,web,Mumbai,-1320933,1
C001,T156,2025-11-30,7284,fuel,M25,upi,web,Hyderabad,-1328217,0
C001,T157,2025-12-03,4363,electronics,M12,card,mobile,Mumbai,-1332580,0
C001,T158,2025-12-04,19165,entertainment,M2,upi,mobile,Mumbai,-1351745,0
C001,T159,2025-12-04,11655,travel,M26,card,mobile,Bangalore,-1363400,1
C001,T160,2025-12-05,17817,electronics,M47,upi,web,Mumbai,-1381217,1
C001,T161,2025-12-05,7815,fashion,M19,netbanking,web,Bangalore,-1389032,0
C001,T162,2025-12-05,12752,travel,M34,card,web,Delhi,-1401784,0
C001,T163,2025-12-06,1340,fuel,M43,upi,mobile,Bangalore,-1403124,0
C001,T164,2025-12-07,18806,fuel,M44,netbanking,mobile,Mumbai,-1421930,0
C001,T165,2025-12-07,16813,groceries,M49,netbanking,web,Delhi,-1438743,1
C001,T166,2025-12-07,438,fuel,M17,netbanking,mobile,Delhi,-1439181,1
C001,T167,2025-12-08,12018,travel,M26,card,mobile,Delhi,-1451199,0
C001,T168,2025-12-10,16874,entertainment,M15,card,mobile,Mumbai,-1468073,0
C001,T169,2025-12-10,15123,electronics,M23,card,web,Bangalore,-1483196,1
C001,T170,2025-12-10,18903,travel,M18,netbanking,web,Bangalore,-1502099,0
C001,T171,2025-12-11,13509,travel,M37,netbanking,web,Delhi,-1515608,0
C001,T172,2025-12-11,12751,groceries,M4,card,web,Mumbai,-1528359,0
C001,T173,2025-12-12,8602,travel,M42,upi,web,Bangalore,-1536961,0
C001,T174,2025-12-12,10096,fuel,M18,netbanking,mobile,Bangalore,-1547057,1
C001,T175,2025-12-12,16471,fuel,M49,card,web,Mumbai,-1563528,1
C001,T176,2025-12-13,3530,fashion,M5,card,web,Mumbai,-1567058,0
C001,T177,2025-12-13,11792,entertainment,M30,upi,web,Delhi,-1578850,1
C001,T178,2025-12-13,7932,groceries,M46,netbanking,mobile,Bangalore,-1586782,0
C001,T179,2025-12-13,9255,fashion,M37,card,mobile,Bangalore,-1596037,1
C001,T180,2025-12-14,1968,electronics,M25,netbanking,web,Hyderabad,-1598005,0
C001,T181,2025-12-14,16320,entertainment,M45,upi,web,Bangalore,-1614325,1
C001,T182,2025-12-14,17308,electronics,M41,card,web,Bangalore,-1631633,1
C001,T183,2025-12-15,7314,groceries,M9,netbanking,web,Delhi,-1638947,0
C001,T184,2025-12-17,14651,travel,M32,netbanking,web,Mumbai,-1653598,1
C001,T185,2025-12-17,992,groceries,M9,upi,mobile,Delhi,-1654590,0
C001,T186,2025-12-18,17702,groceries,M34,upi,mobile,Bangalore,-1672292,1
C001,T187,2025-12-18,9852,fuel,M11,netbanking,web,Hyderabad,-1682144,1
C001,T188,2025-12-19,4072,electronics,M18,upi,mobile,Hyderabad,-1686216,1
C001,T189,2025-12-20,12980,electronics,M40,card,web,Delhi,-1699196,0
C001,T190,2025-12-21,1412,entertainment,M24,netbanking,web,Hyderabad,-1700608,1
C001,T191,2025-12-21,14788,travel,M48,card,mobile,Bangalore,-1715396,0
C001,T192,2025-12-21,13581,fashion,M27,upi,web,Bangalore,-1728977,0
C001,T193,2025-12-22,14970,electronics,M10,netbanking,mobile,Delhi,-1743947,0
C001,T194,2025-12-22,4098,electronics,M36,upi,web,Mumbai,-1748045,0
C001,T195,2025-12-23,9982,groceries,M41,card,web,Bangalore,-1758027,1
C001,T196,2025-12-24,14849,electronics,M41,upi,mobile,Hyderabad,-1772876,1
C001,T197,2025-12-24,2482,entertainment,M37,card,web,Hyderabad,-1775358,1
C001,T198,2025-12-24,18371,fashion,M4,netbanking,web,Mumbai,-1793729,1
C001,T199,2025-12-26,11483,travel,M18,upi,web,Hyderabad,-1805212,0
C001,T200,2025-12-27,2528,fashion,M7,card,mobile,Mumbai,-1807740,1
C001,T201,2025-12-27,14514,travel,M11,upi,mobile,Delhi,-1822254,1
C001,T202,2025-12-28,6640,groceries,M39,netbanking,mobile,Mumbai,-1828894,0
C001,T203,2025-12-28,17582,fashion,M32,upi,mobile,Delhi,-1846476,1
C001,T204,2025-12-29,19380,entertainment,M44,card,mobile,Bangalore,-1865856,1
C001,T205,2025-12-30,12957,fashion,M38,netbanking,web,Mumbai,-1878813,0
C001,T206,2025-12-30,19540,groceries,M24,upi,mobile,Hyderabad,-1898353,1
C001,T207,2025-12-30,1707,fashion,M46,card,mobile,Mumbai,-1900060,0
C001,T208,2025-12-30,8811,travel,M46,upi,web,Bangalore,-1908871,0
C001,T209,2025-12-31,19430,fashion,M46,netbanking,mobile,Delhi,-1928301,1
C001,T210,2025-12-31,11636,entertainment,M44,card,web,Hyderabad,-1939937,0
C001,T211,2026-01-02,2533,travel,M13,card,web,Mumbai,-1942470,1
C001,T212,2026-01-03,6254,fuel,M25,card,web,Delhi,-1948724,0
C001,T213,2026-01-03,17262,entertainment,M24,card,mobile,Hyderabad,-1965986,0
C001,T214,2026-01-03,19601,entertainment,M22,card,web,Hyderabad,-1985587,1
C001,T215,2026-01-04,6468,groceries,M41,card,web,Mumbai,-1992055,0
C001,T216,2026-01-06,189,entertainment,M15,upi,web,Bangalore,-1992244,1
C001,T217,2026-01-08,7017,groceries,M39,netbanking,web,Mumbai,-1999261,1
C001,T218,2026-01-08,4011,electronics,M28,upi,web,Delhi,-2003272,0
C001,T219,2026-01-09,13495,fashion,M6,upi,web,Delhi,-2016767,0
C001,T220,2026-01-10,15449,fashion,M23,card,mobile,Mumbai,-2032216,0
C001,T221,2026-01-10,19911,fuel,M8,card,mobile,Mumbai,-2052127,0
C001,T222,2026-01-10,16790,fashion,M18,upi,web,Bangalore,-2068917,1
C001,T223,2026-01-11,16102,fashion,M10,netbanking,mobile,Mumbai,-2085019,0
C001,T224,2026-01-12,7105,fuel,M31,upi,mobile,Hyderabad,-2092124,1
C001,T225,2026-01-13,16021,groceries,M32,card,web,Delhi,-2108145,0
C001,T226,2026-01-13,12103,electronics,M15,upi,web,Delhi,-2120248,0
C001,T227,2026-01-13,12301,travel,M12,netbanking,mobile,Delhi,-2132549,1
C001,T228,2026-01-14,12865,electronics,M44,upi,web,Delhi,-2145414,0
C001,T229,2026-01-15,4748,entertainment,M47,upi,web,Bangalore,-2150162,0
C001,T230,2026-01-16,3316,travel,M25,card,web,Delhi,-2153478,0
C001,T231,2026-01-17,12688,travel,M10,netbanking,web,Delhi,-2166166,1
C001,T232,2026-01-18,13249,groceries,M1,card,web,Hyderabad,-2179415,0
C001,T233,2026-01-19,9599,groceries,M43,card,mobile,Mumbai,-2189014,1
C001,T234,2026-01-19,3668,fashion,M28,netbanking,mobile,Delhi,-2192682,1
C001,T235,2026-01-20,16101,groceries,M37,upi,mobile,Mumbai,-2208783,0
C001,T236,2026-01-21,5278,fuel,M33,card,mobile,Delhi,-2214061,1
C001,T237,2026-01-23,12604,electronics,M29,card,mobile,Bangalore,-2226665,1
C001,T238,2026-01-23,6738,travel,M23,upi,web,Bangalore,-2233403,1
C001,T239,2026-01-26,9656,groceries,M8,card,web,Delhi,-2243059,0
C001,T240,2026-01-26,12473,electronics,M1,netbanking,mobile,Delhi,-2255532,0
C001,T241,2026-01-27,3819,groceries,M12,netbanking,web,Mumbai,-2259351,1
C001,T242,2026-01-27,3172,travel,M31,upi,mobile,Hyderabad,-2262523,0
C001,T243,2026-01-28,4133,electronics,M6,netbanking,mobile,Mumbai,-2266656,0
C001,T244,2026-01-29,19714,groceries,M11,upi,mobile,Delhi,-2286370,1
C001,T245,2026-01-29,1767,entertainment,M19,upi,web,Delhi,-2288137,0
C001,T246,2026-01-30,9113,groceries,M21,netbanking,mobile,Hyderabad,-2297250,1
C001,T247,2026-01-30,4906,fuel,M19,card,mobile,Mumbai,-2302156,0
C001,T248,2026-01-30,9027,groceries,M35,upi,web,Bangalore,-2311183,0
C002,T249,2025-08-01,6571,electronics,M6,card,mobile,Delhi,68966,0
C002,T250,2025-08-02,11656,fashion,M36,netbanking,mobile,Hyderabad,57310,0
C002,T251,2025-08-03,506,travel,M16,netbanking,mobile,Hyderabad,56804,0
C002,T252,2025-08-03,9006,travel,M15,card,mobile,Delhi,47798,0
C002,T253,2025-08-03,14213,entertainment,M4,card,web,Delhi,33585,0
C002,T254,2025-08-04,9973,electronics,M49,card,web,Delhi,23612,0
C002,T255,2025-08-04,1386,fashion,M10,netbanking,mobile,Bangalore,22226,0
C002,T256,2025-08-04,18843,groceries,M42,card,web,Hyderabad,3383,1
C002,T257,2025-08-05,9700,fashion,M45,upi,mobile,Bangalore,-6317,0
C002,T258,2025-08-06,4716,electronics,M24,upi,mobile,Mumbai,-11033,1
C002,T259,2025-08-06,6395,groceries,M26,netbanking,mobile,Hyderabad,-17428,1
C002,T260,2025-08-06,6907,travel,M36,netbanking,web,Mumbai,-24335,1
C002,T261,2025-08-07,9754,electronics,M5,netbanking,mobile,Bangalore,-34089,1
C002,T262,2025-08-08,16436,entertainment,M48,card,mobile,Bangalore,-50525,1
C002,T263,2025-08-10,17584,fuel,M25,upi,web,Bangalore,-68109,0
C002,T264,2025-08-11,11643,fashion,M46,netbanking,web,Delhi,-79752,1
C002,T265,2025-08-11,10893,fuel,M46,card,mobile,Hyderabad,-90645,0
C002,T266,2025-08-12,5289,groceries,M39,card,mobile,Hyderabad,-95934,1
C002,T267,2025-08-13,4355,fuel,M8,upi,web,Delhi,-100289,0
C002,T268,2025-08-14,7526,entertainment,M6,upi,mobile,Hyderabad,-107815,1
C002,T269,2025-08-15,761,fashion,M36,card,mobile,Mumbai,-108576,0
C002,T270,2025-08-15,3474,groceries,M16,upi,web,Delhi,-112050,0
C002,T271,2025-08-16,13811,fashion,M8,netbanking,web,Delhi,-125861,0
C002,T272,2025-08-18,8655,groceries,M30,card,web,Delhi,-134516,1
C002,T273,2025-08-20,11123,fashion,M38,upi,mobile,Delhi,-145639,1
C002,T274,2025-08-21,18892,fuel,M2,netbanking,mobile,Mumbai,-164531,0
C002,T275,2025-08-22,18173,fashion,M18,netbanking,web,Bangalore,-182704,1
C002,T276,2025-08-23,660,electronics,M38,upi,mobile,Bangalore,-183364,1
C002,T277,2025-08-23,12365,entertainment,M14,upi,mobile,Hyderabad,-195729,0
C002,T278,2025-08-23,7793,groceries,M15,card,mobile,Delhi,-203522,0
C002,T279,2025-08-24,5756,electronics,M25,card,web,Mumbai,-209278,1
C002,T280,2025-08-24,8386,entertainment,M1,upi,web,Delhi,-217664,1
C002,T281,2025-08-24,14816,fashion,M3,netbanking,mobile,Delhi,-232480,0
C002,T282,2025-08-25,3064,electronics,M4,card,mobile,Hyderabad,-235544,0
C002,T283,2025-08-26,945,fashion,M18,card,web,Bangalore,-236489,1
C002,T284,2025-08-26,19203,fuel,M43,upi,web,Hyderabad,-255692,0
C002,T285,2025-08-26,6710,travel,M5,netbanking,web,Delhi,-262402,0
C002,T286,2025-08-28,5178,travel,M9,netbanking,mobile,Mumbai,-267580,1
C002,T287,2025-08-29,8900,fashion,M4,netbanking,web,Mumbai,-276480,0
C002,T288,2025-08-30,9111,fashion,M38,netbanking,web,Bangalore,-285591,0
C002,T289,2025-08-31,1649,fuel,M22,card,web,Bangalore,-287240,1
C002,T290,2025-08-31,6648,entertainment,M38,netbanking,mobile,Delhi,-293888,0
C002,T291,2025-09-02,14928,fuel,M18,card,mobile,Hyderabad,-308816,1
C002,T292,2025-09-03,10734,fuel,M26,upi,web,Delhi,-319550,1
C002,T293,2025-09-04,7494,groceries,M29,card,web,Delhi,-327044,0
C002,T294,2025-09-05,116,groceries,M41,card,web,Hyderabad,-327160,1
C002,T295,2025-09-06,18763,fuel,M28,netbanking,mobile,Delhi,-345923,1
C002,T296,2025-09-07,15016,fashion,M1,netbanking,mobile,Hyderabad,-360939,0
C002,T297,2025-09-07,19755,groceries,M23,netbanking,mobile,Mumbai,-380694,0
C002,T298,2025-09-07,2811,groceries,M5,card,web,Delhi,-383505,0
C002,T299,2025-09-08,12786,travel,M7,netbanking,web,Bangalore,-396291,0
C002,T300,2025-09-09,10859,electronics,M38,netbanking,web,Hyderabad,-407150,1
C002,T301,2025-09-09,17730,groceries,M9,upi,mobile,Delhi,-424880,0
C002,T302,2025-09-11,7010,electronics,M10,card,web,Hyderabad,-431890,0
C002,T303,2025-09-11,17253,entertainment,M13,card,web,Bangalore,-449143,1
C002,T304,2025-09-11,9603,fashion,M34,netbanking,web,Bangalore,-458746,0
C002,T305,2025-09-12,4683,travel,M14,upi,mobile,Delhi,-463429,1
C002,T306,2025-09-13,785,groceries,M21,netbanking,web,Hyderabad,-464214,1
C002,T307,2025-09-13,16090,groceries,M12,card,mobile,Delhi,-480304,0
C002,T308,2025-09-14,17130,fashion,M32,netbanking,web,Delhi,-497434,1
C002,T309,2025-09-14,10873,fashion,M29,card,web,Delhi,-508307,0
C002,T310,2025-09-14,12600,fashion,M27,upi,mobile,Bangalore,-520907,0
C002,T311,2025-09-16,1824,groceries,M3,netbanking,web,Bangalore,-522731,0
C002,T312,2025-09-17,8653,electronics,M16,card,web,Mumbai,-531384,0
C002,T313,2025-09-17,16932,fashion,M40,netbanking,web,Hyderabad,-548316,1
C002,T314,2025-09-17,11854,groceries,M10,card,web,Delhi,-560170,0
C002,T315,2025-09-17,14142,travel,M2,card,web,Mumbai,-574312,0
C002,T316,2025-09-18,19133,electronics,M12,card,web,Delhi,-593445,0
C002,T317,2025-09-19,1878,entertainment,M19,card,web,Hyderabad,-595323,0
C002,T318,2025-09-19,9696,fashion,M20,upi,web,Delhi,-605019,0
C002,T319,2025-09-21,14637,entertainment,M46,card,mobile,Hyderabad,-619656,0
C002,T320,2025-09-22,16187,fuel,M16,upi,mobile,Hyderabad,-635843,1
C002,T321,2025-09-22,4059,entertainment,M24,upi,web,Delhi,-639902,0
C002,T322,2025-09-23,12180,entertainment,M19,upi,web,Mumbai,-652082,1
C002,T323,2025-09-24,5569,groceries,M33,upi,mobile,Hyderabad,-657651,0
C002,T324,2025-09-24,19294,fashion,M47,netbanking,mobile,Hyderabad,-676945,1
C002,T325,2025-09-24,10128,groceries,M17,upi,web,Hyderabad,-687073,1
C002,T326,2025-09-24,18494,entertainment,M47,upi,web,Bangalore,-705567,0
C002,T327,2025-09-25,8429,electronics,M3,card,mobile,Mumbai,-713996,1
C002,T328,2025-09-25,6497,entertainment,M45,upi,mobile,Bangalore,-720493,0
C002,T329,2025-09-26,5117,travel,M5,card,web,Mumbai,-725610,1
C002,T330,2025-09-27,16041,electronics,M4,upi,mobile,Bangalore,-741651,1
C002,T331,2025-09-27,19462,groceries,M24,card,web,Delhi,-761113,0
C002,T332,2025-09-29,7810,fashion,M24,card,web,Mumbai,-768923,1
C002,T333,2025-09-30,9657,fashion,M7,netbanking,mobile,Hyderabad,-778580,1
C002,T334,2025-10-01,2114,electronics,M25,card,web,Hyderabad,-780694,0
C002,T335,2025-10-02,2743,electronics,M43,card,mobile,Hyderabad,-783437,1
C002,T336,2025-10-03,14389,travel,M20,netbanking,web,Bangalore,-797826,0
C002,T337,2025-10-05,5532,fuel,M21,upi,mobile,Bangalore,-803358,0
C002,T338,2025-10-07,16476,fuel,M41,card,web,Mumbai,-819834,1
C002,T339,2025-10-07,15452,entertainment,M33,card,web,Mumbai,-835286,0
C002,T340,2025-10-07,7621,fashion,M43,card,mobile,Delhi,-842907,0
C002,T341,2025-10-08,12585,electronics,M1,upi,mobile,Mumbai,-855492,1
C002,T342,2025-10-09,197,travel,M39,upi,web,Hyderabad,-855689,0
C002,T343,2025-10-10,1827,travel,M49,netbanking,mobile,Hyderabad,-857516,1
C002,T344,2025-10-10,9383,entertainment,M22,netbanking,web,Hyderabad,-866899,0
C002,T345,2025-10-11,881,travel,M41,upi,web,Delhi,-867780,0
C002,T346,2025-10-14,15895,groceries,M43,netbanking,mobile,Bangalore,-883675,0
C002,T347,2025-10-14,2651,fashion,M10,card,web,Mumbai,-886326,0
C002,T348,2025-10-14,7339,groceries,M47,netbanking,web,Delhi,-893665,1
C002,T349,2025-10-15,14821,travel,M45,netbanking,mobile,Delhi,-908486,0
C002,T350,2025-10-15,4235,entertainment,M33,card,mobile,Hyderabad,-912721,1
C002,T351,2025-10-16,2407,entertainment,M6,upi,web,Bangalore,-915128,1
C002,T352,2025-10-16,15249,groceries,M45,netbanking,mobile,Mumbai,-930377,1
C002,T353,2025-10-17,1225,electronics,M31,netbanking,mobile,Hyderabad,-931602,0
C002,T354,2025-10-18,3964,fashion,M34,upi,web,Delhi,-935566,0
C002,T355,2025-10-19,11849,electronics,M6,netbanking,web,Hyderabad,-947415,0
C002,T356,2025-10-19,19474,fashion,M44,card,mobile,Hyderabad,-966889,1
C002,T357,2025-10-20,18199,electronics,M41,netbanking,mobile,Delhi,-985088,1
C002,T358,2025-10-20,1198,groceries,M23,upi,mobile,Mumbai,-986286,1
C002,T359,2025-10-20,18158,entertainment,M15,netbanking,mobile,Mumbai,-1004444,1
C002,T360,2025-10-21,4678,fashion,M47,netbanking,web,Mumbai,-1009122,1
C002,T361,2025-10-22,9146,travel,M4,upi,mobile,Bangalore,-1018268,1
C002,T362,2025-10-23,9628,fuel,M46,upi,web,Hyderabad,-1027896,0
C002,T363,2025-10-24,7518,travel,M23,netbanking,mobile,Delhi,-1035414,1
C002,T364,2025-10-24,6801,entertainment,M14,card,web,Delhi,-1042215,0
C002,T365,2025-10-24,14070,entertainment,M14,netbanking,web,Mumbai,-1056285,0
C002,T366,2025-10-25,15049,entertainment,M48,card,mobile,Delhi,-1071334,0
C002,T367,2025-10-26,14047,groceries,M19,netbanking,web,Delhi,-1085381,1
C002,T368,2025-10-26,17417,fuel,M36,card,web,Mumbai,-1102798,1
C002,T369,2025-10-26,6916,fashion,M25,upi,mobile,Mumbai,-1109714,0
C002,T370,2025-10-26,11340,travel,M14,upi,mobile,Hyderabad,-1121054,0
C002,T371,2025-10-26,8359,fashion,M8,upi,mobile,Mumbai,-1129413,1
C002,T372,2025-10-27,2624,entertainment,M49,upi,web,Bangalore,-1132037,0
C002,T373,2025-10-27,1592,fuel,M5,card,mobile,Hyderabad,-1133629,0
C002,T374,2025-10-28,9268,electronics,M24,card,web,Mumbai,-1142897,0
C002,T375,2025-10-28,1547,fashion,M12,upi,mobile,Bangalore,-1144444,0
C002,T376,2025-10-29,16889,fuel,M38,card,mobile,Bangalore,-1161333,1
C002,T377,2025-10-30,871,entertainment,M12,card,mobile,Delhi,-1162204,1
C002,T378,2025-10-31,9402,entertainment,M6,upi,mobile,Delhi,-1171606,0
C002,T379,2025-10-31,6816,fashion,M6,upi,mobile,Hyderabad,-1178422,0
C002,T380,2025-10-31,19935,electronics,M1,card,mobile,Mumbai,-1198357,0
C002,T381,2025-11-01,5908,fuel,M38,card,web,Mumbai,-1204265,1
C002,T382,2025-11-01,17643,travel,M20,card,web,Bangalore,-1221908,0
C002,T383,2025-11-02,5582,entertainment,M41,card,web,Mumbai,-1227490,0
C002,T384,2025-11-03,2966,travel,M39,netbanking,mobile,Bangalore,-1230456,0
C002,T385,2025-11-04,17840,entertainment,M45,card,web,Hyderabad,-1248296,0
C002,T386,2025-11-05,3411,groceries,M45,upi,mobile,Hyderabad,-1251707,1
C002,T387,2025-11-05,15912,groceries,M27,upi,mobile,Delhi,-1267619,0
C002,T388,2025-11-05,826,groceries,M47,upi,web,Delhi,-1268445,1
C002,T389,2025-11-06,17077,fuel,M19,netbanking,web,Hyderabad,-1285522,1
C002,T390,2025-11-07,14476,electronics,M29,card,web,Delhi,-1299998,0
C002,T391,2025-11-07,10158,fuel,M10,upi,web,Bangalore,-1310156,1
C002,T392,2025-11-11,6539,electronics,M17,card,web,Hyderabad,-1316695,0
C002,T393,2025-11-11,2382,groceries,M45,netbanking,web,Mumbai,-1319077,0
C002,T394,2025-11-11,4769,groceries,M31,card,mobile,Hyderabad,-1323846,0
C002,T395,2025-11-13,3600,groceries,M38,upi,web,Hyderabad,-1327446,1
C002,T396,2025-11-13,10181,travel,M3,netbanking,mobile,Bangalore,-1337627,0
C002,T397,2025-11-14,10333,travel,M36,card,web,Bangalore,-1347960,1
C002,T398,2025-11-16,19090,fashion,M19,card,web,Hyderabad,-1367050,1
C002,T399,2025-11-17,13890,travel,M11,card,mobile,Delhi,-1380940,1
C002,T400,2025-11-18,15945,groceries,M31,card,mobile,Delhi,-1396885,0
C002,T401,2025-11-19,4752,fashion,M26,netbanking,web,Delhi,-1401637,0
C002,T402,2025-11-19,6691,travel,M42,netbanking,web,Delhi,-1408328,0
C002,T403,2025-11-21,2269,fuel,M37,upi,web,Mumbai,-1410597,0
C002,T404,2025-11-22,15073,fashion,M17,card,web,Hyderabad,-1425670,1
C002,T405,2025-11-22,12455,fuel,M37,card,mobile,Mumbai,-1438125,1
C002,T406,2025-11-22,8656,entertainment,M23,netbanking,mobile,Delhi,-1446781,1
C002,T407,2025-11-22,17923,fuel,M49,card,web,Bangalore,-1464704,1
C002,T408,2025-11-23,9814,groceries,M28,netbanking,web,Mumbai,-1474518,0
C002,T409,2025-11-25,6752,groceries,M35,upi,web,Delhi,-1481270,0
C002,T410,2025-11-26,14952,groceries,M37,upi,mobile,Bangalore,-1496222,1
C002,T411,2025-11-26,19646,fuel,M34,netbanking,web,Mumbai,-1515868,0
C002,T412,2025-11-26,19695,entertainment,M21,upi,mobile,Bangalore,-1535563,1
C002,T413,2025-11-28,13993,groceries,M19,upi,web,Hyderabad,-1549556,1
C002,T414,2025-11-28,12969,electronics,M36,upi,mobile,Mumbai,-1562525,1
C002,T415,2025-11-29,2908,travel,M17,netbanking,mobile,Delhi,-1565433,0
C002,T416,2025-11-29,18454,fashion,M7,card,mobile,Hyderabad,-1583887,0
C002,T417,2025-12-01,16265,travel,M5,card,mobile,Delhi,-1600152,0
C002,T418,2025-12-01,19251,electronics,M32,upi,mobile,Delhi,-1619403,0
C002,T419,2025-12-01,4006,entertainment,M10,upi,web,Delhi,-1623409,0
C002,T420,2025-12-01,18483,fashion,M2,card,web,Bangalore,-1641892,1
C002,T421,2025-12-02,19325,groceries,M40,netbanking,web,Bangalore,-1661217,0
C002,T422,2025-12-02,1188,fashion,M25,card,mobile,Bangalore,-1662405,0
C002,T423,2025-12-02,10059,fuel,M9,netbanking,mobile,Hyderabad,-1672464,0
C002,T424,2025-12-03,11628,electronics,M46,upi,web,Hyderabad,-1684092,1
C002,T425,2025-12-05,9201,fashion,M13,card,web,Delhi,-1693293,0
C002,T426,2025-12-06,15371,groceries,M34,upi,web,Hyderabad,-1708664,1
C002,T427,2025-12-06,7455,electronics,M2,upi,mobile,Hyderabad,-1716119,0
C002,T428,2025-12-08,4827,entertainment,M27,upi,mobile,Bangalore,-1720946,0
C002,T429,2025-12-08,2468,groceries,M41,upi,mobile,Mumbai,-1723414,0
C002,T430,2025-12-10,16666,entertainment,M10,upi,web,Hyderabad,-1740080,1
C002,T431,2025-12-10,259,electronics,M14,upi,web,Delhi,-1740339,1
C002,T432,2025-12-11,13441,fashion,M13,netbanking,mobile,Hyderabad,-1753780,1
C002,T433,2025-12-12,15749,electronics,M34,netbanking,mobile,Mumbai,-1769529,1
C002,T434,2025-12-13,18368,electronics,M18,upi,web,Mumbai,-1787897,0
C002,T435,2025-12-14,15375,groceries,M29,netbanking,mobile,Mumbai,-1803272,0
C002,T436,2025-12-14,5893,fashion,M4,upi,mobile,Bangalore,-1809165,0
C002,T437,2025-12-15,16027,fashion,M37,card,web,Bangalore,-1825192,1
C002,T438,2025-12-16,12280,travel,M13,card,mobile,Hyderabad,-1837472,1
C002,T439,2025-12-16,622,groceries,M4,netbanking,mobile,Delhi,-1838094,0
C002,T440,2025-12-16,12920,fashion,M19,netbanking,web,Mumbai,-1851014,1
C002,T441,2025-12-16,13300,fuel,M48,netbanking,web,Hyderabad,-1864314,0
C002,T442,2025-12-17,8035,entertainment,M35,card,web,Bangalore,-1872349,0
C002,T443,2025-12-19,19721,travel,M22,card,web,Mumbai,-1892070,0
C002,T444,2025-12-19,9488,fuel,M34,card,web,Hyderabad,-1901558,0
C002,T445,2025-12-21,17023,entertainment,M1,card,web,Bangalore,-1918581,0
C002,T446,2025-12-21,18032,groceries,M49,upi,web,Delhi,-1936613,0
C002,T447,2025-12-22,19657,electronics,M22,card,web,Delhi,-1956270,1
C002,T448,2025-12-22,17158,groceries,M3,netbanking,web,Mumbai,-1973428,1
C002,T449,2025-12-23,1501,fashion,M26,upi,mobile,Hyderabad,-1974929,0
C002,T450,2025-12-24,12056,electronics,M47,upi,mobile,Delhi,-1986985,0
C002,T451,2025-12-24,15593,fuel,M25,card,mobile,Delhi,-2002578,0
C002,T452,2025-12-24,19287,groceries,M12,netbanking,mobile,Hyderabad,-2021865,0
C002,T453,2025-12-24,18691,travel,M8,card,mobile,Mumbai,-2040556,1
C002,T454,2025-12-25,13003,travel,M29,card,mobile,Delhi,-2053559,1
C002,T455,2025-12-26,8807,electronics,M40,card,mobile,Mumbai,-2062366,1
C002,T456,2025-12-26,10947,fashion,M11,netbanking,web,Hyderabad,-2073313,1
C002,T457,2025-12-27,7759,electronics,M26,card,web,Bangalore,-2081072,0
C002,T458,2025-12-28,13479,fashion,M11,netbanking,mobile,Mumbai,-2094551,0
C002,T459,2025-12-28,315,entertainment,M47,netbanking,mobile,Delhi,-2094866,1
C002,T460,2025-12-29,2395,entertainment,M33,upi,web,Bangalore,-2097261,1
C002,T461,2025-12-29,14450,fuel,M21,upi,mobile,Delhi,-2111711,1
C002,T462,2025-12-29,11937,entertainment,M18,upi,web,Delhi,-2123648,0
C002,T463,2025-12-30,10859,fashion,M45,netbanking,web,Mumbai,-2134507,0
C002,T464,2025-12-30,6574,fuel,M11,netbanking,web,Hyderabad,-2141081,1
C002,T465,2026-01-01,7966,electronics,M12,netbanking,mobile,Mumbai,-2149047,1
C002,T466,2026-01-01,7286,entertainment,M18,upi,web,Hyderabad,-2156333,1
C002,T467,2026-01-02,8299,entertainment,M32,netbanking,web,Mumbai,-2164632,0
C002,T468,2026-01-02,12574,fashion,M24,upi,web,Mumbai,-2177206,1
C002,T469,2026-01-02,12524,fuel,M10,card,web,Hyderabad,-2189730,1
C002,T470,2026-01-02,4109,travel,M21,upi,web,Hyderabad,-2193839,1
C002,T471,2026-01-02,10795,travel,M22,card,mobile,Mumbai,-2204634,0
C002,T472,2026-01-02,7718,fashion,M13,card,web,Hyderabad,-2212352,0
C002,T473,2026-01-02,8027,travel,M34,netbanking,mobile,Hyderabad,-2220379,0
C002,T474,2026-01-03,728,entertainment,M35,netbanking,mobile,Bangalore,-2221107,0
C002,T475,2026-01-03,19249,groceries,M18,card,web,Mumbai,-2240356,1
C002,T476,2026-01-04,15517,electronics,M45,netbanking,web,Bangalore,-2255873,0
C002,T477,2026-01-04,9356,groceries,M5,upi,mobile,Mumbai,-2265229,1
C002,T478,2026-01-05,2971,travel,M21,netbanking,web,Delhi,-2268200,0
C002,T479,2026-01-05,10742,fuel,M7,netbanking,mobile,Bangalore,-2278942,1
C002,T480,2026-01-05,12939,fuel,M21,upi,web,Bangalore,-2291881,1
C002,T481,2026-01-06,6796,travel,M48,netbanking,web,Hyderabad,-2298677,1
C002,T482,2026-01-06,16754,travel,M37,card,mobile,Bangalore,-2315431,1
C002,T483,2026-01-07,15623,electronics,M29,upi,web,Bangalore,-2331054,1
C002,T484,2026-01-08,16762,fuel,M5,netbanking,web,Mumbai,-2347816,1
C002,T485,2026-01-08,4876,groceries,M6,card,mobile,Delhi,-2352692,1
C002,T486,2026-01-09,11680,fashion,M3,netbanking,web,Bangalore,-2364372,1
C002,T487,2026-01-10,12807,groceries,M5,card,mobile,Delhi,-2377179,1
C002,T488,2026-01-11,16689,groceries,M48,netbanking,mobile,Delhi,-2393868,1
C002,T489,2026-01-11,11914,entertainment,M21,upi,mobile,Hyderabad,-2405782,0
C002,T490,2026-01-12,3373,travel,M34,netbanking,web,Mumbai,-2409155,0
C002,T491,2026-01-13,2932,fashion,M48,netbanking,mobile,Bangalore,-2412087,0
C002,T492,2026-01-14,1204,groceries,M24,upi,web,Bangalore,-2413291,1
C002,T493,2026-01-14,2014,entertainment,M1,netbanking,mobile,Delhi,-2415305,0
C002,T494,2026-01-14,608,entertainment,M17,upi,mobile,Mumbai,-2415913,0
C002,T495,2026-01-17,3508,groceries,M12,netbanking,mobile,Bangalore,-2419421,1
C002,T496,2026-01-18,12146,fashion,M32,upi,mobile,Bangalore,-2431567,0
C002,T497,2026-01-19,11165,groceries,M14,upi,mobile,Bangalore,-2442732,1
C002,T498,2026-01-20,17476,groceries,M40,netbanking,mobile,Mumbai,-2460208,0
C002,T499,2026-01-20,6526,entertainment,M40,card,web,Hyderabad,-2466734,1
C002,T500,2026-01-21,5086,travel,M10,card,web,Bangalore,-2471820,1
C002,T501,2026-01-22,19577,travel,M37,netbanking,web,Hyderabad,-2491397,0
C002,T502,2026-01-23,4659,fashion,M33,card,web,Delhi,-2496056,0
C002,T503,2026-01-23,16623,groceries,M6,card,mobile,Mumbai,-2512679,1
C002,T504,2026-01-23,7089,fuel,M33,upi,web,Hyderabad,-2519768,0
C002,T505,2026-01-24,19090,fashion,M33,card,web,Delhi,-2538858,0
C002,T506,2026-01-24,16050,entertainment,M23,netbanking,web,Delhi,-2554908,0
C002,T507,2026-01-26,19245,groceries,M8,upi,web,Mumbai,-2574153,1
C002,T508,2026-01-28,2088,electronics,M26,card,mobile,Bangalore,-2576241,0
C002,T509,2026-01-29,13165,electronics,M25,netbanking,web,Delhi,-2589406,1
C002,T510,2026-01-30,1618,entertainment,M20,netbanking,mobile,Delhi,-2591024,1
C002,T511,2026-01-30,3654,electronics,M30,card,web,Delhi,-2594678,0
C002,T512,2026-01-31,12460,groceries,M32,upi,mobile,Bangalore,-2607138,1
C003,T513,2025-08-01,15538,travel,M22,netbanking,web,Mumbai,88792,0
C003,T514,2025-08-01,1371,entertainment,M36,upi,web,Mumbai,87421,0
C003,T515,2025-08-01,8575,groceries,M49,card,web,Bangalore,78846,0
C003,T516,2025-08-02,11436,fuel,M46,upi,web,Hyderabad,67410,1
C003,T517,2025-08-02,8467,entertainment,M17,upi,web,Bangalore,58943,1
C003,T518,2025-08-03,3776,travel,M9,netbanking,web,Bangalore,55167,1
C003,T519,2025-08-03,959,groceries,M43,card,mobile,Delhi,54208,1
C003,T520,2025-08-04,11096,fashion,M47,netbanking,mobile,Mumbai,43112,1
C003,T521,2025-08-05,14731,travel,M3,upi,web,Mumbai,28381,0
C003,T522,2025-08-06,18010,electronics,M18,upi,mobile,Bangalore,10371,1
C003,T523,2025-08-07,2093,entertainment,M1,netbanking,web,Bangalore,8278,1
C003,T524,2025-08-07,790,entertainment,M42,card,mobile,Mumbai,7488,1
C003,T525,2025-08-08,18357,travel,M21,upi,mobile,Delhi,-10869,0
C003,T526,2025-08-08,5407,entertainment,M40,upi,web,Bangalore,-16276,0
C003,T527,2025-08-08,14527,electronics,M34,netbanking,web,Hyderabad,-30803,0
C003,T528,2025-08-09,8426,fuel,M43,upi,web,Hyderabad,-39229,1
C003,T529,2025-08-11,1737,entertainment,M21,card,mobile,Mumbai,-40966,1
C003,T530,2025-08-11,15295,fuel,M7,netbanking,mobile,Bangalore,-56261,1
C003,T531,2025-08-12,2287,fashion,M27,upi,mobile,Mumbai,-58548,0
C003,T532,2025-08-12,160,electronics,M24,card,mobile,Bangalore,-58708,1
C003,T533,2025-08-13,15821,electronics,M39,card,mobile,Mumbai,-74529,0
C003,T534,2025-08-13,236,entertainment,M45,netbanking,mobile,Delhi,-74765,0
C003,T535,2025-08-13,186,groceries,M12,netbanking,web,Bangalore,-74951,1
C003,T536,2025-08-14,1800,fuel,M32,upi,web,Bangalore,-76751,1
C003,T537,2025-08-14,5620,fuel,M2,card,web,Hyderabad,-82371,1
C003,T538,2025-08-15,9012,entertainment,M43,upi,mobile,Delhi,-91383,1
C003,T539,2025-08-16,11271,electronics,M9,upi,web,Bangalore,-102654,1
C003,T540,2025-08-18,14553,entertainment,M28,netbanking,mobile,Mumbai,-117207,0
C003,T541,2025-08-19,5197,groceries,M29,upi,web,Bangalore,-122404,0
C003,T542,2025-08-19,2020,electronics,M29,netbanking,mobile,Hyderabad,-124424,0
C003,T543,2025-08-19,5027,fuel,M29,netbanking,web,Hyderabad,-129451,1
C003,T544,2025-08-20,15910,electronics,M49,netbanking,mobile,Mumbai,-145361,0
C003,T545,2025-08-21,3800,travel,M32,upi,web,Hyderabad,-149161,0
C003,T546,2025-08-21,3993,fashion,M9,card,mobile,Mumbai,-153154,1
C003,T547,2025-08-21,14771,groceries,M44,netbanking,web,Mumbai,-167925,0
C003,T548,2025-08-22,5157,groceries,M45,netbanking,mobile,Bangalore,-173082,0
C003,T549,2025-08-23,19091,electronics,M32,upi,web,Hyderabad,-192173,0
C003,T550,2025-08-23,6091,fashion,M15,card,mobile,Mumbai,-198264,1
C003,T551,2025-08-24,12608,travel,M42,card,mobile,Bangalore,-210872,0
C003,T552,2025-08-24,14105,entertainment,M40,netbanking,mobile,Delhi,-224977,1
C003,T553,2025-08-25,10958,travel,M30,netbanking,web,Delhi,-235935,1
C003,T554,2025-08-25,14996,groceries,M28,netbanking,web,Delhi,-250931,0
C003,T555,2025-08-28,3539,fuel,M39,upi,web,Mumbai,-254470,0
C003,T556,2025-08-28,8335,fuel,M7,card,mobile,Hyderabad,-262805,1
C003,T557,2025-08-29,589,fuel,M22,upi,web,Hyderabad,-263394,1
C003,T558,2025-08-29,3616,fuel,M11,upi,web,Hyderabad,-267010,1
C003,T559,2025-08-29,6044,fuel,M2,upi,web,Hyderabad,-273054,1
C003,T560,2025-08-29,10639,travel,M15,card,web,Delhi,-283693,1
C003,T561,2025-08-30,13780,entertainment,M38,card,mobile,Bangalore,-297473,1
C003,T562,2025-08-30,12326,entertainment,M1,upi,mobile,Hyderabad,-309799,1
C003,T563,2025-08-31,1022,fashion,M7,upi,web,Bangalore,-310821,0
C003,T564,2025-09-01,16477,fuel,M20,card,web,Hyderabad,-327298,0
C003,T565,2025-09-01,3848,entertainment,M6,card,mobile,Hyderabad,-331146,0
C003,T566,2025-09-01,5810,fuel,M46,upi,web,Delhi,-336956,0
C003,T567,2025-09-02,15723,travel,M33,upi,mobile,Hyderabad,-352679,1
C003,T568,2025-09-02,2835,travel,M20,netbanking,mobile,Bangalore,-355514,0
C003,T569,2025-09-02,6723,fuel,M10,netbanking,mobile,Bangalore,-362237,0
C003,T570,2025-09-02,12738,fuel,M13,card,mobile,Hyderabad,-374975,0
C003,T571,2025-09-02,19448,travel,M11,upi,mobile,Hyderabad,-394423,1
C003,T572,2025-09-03,10801,electronics,M49,netbanking,mobile,Hyderabad,-405224,0
C003,T573,2025-09-05,10876,fashion,M29,netbanking,mobile,Bangalore,-416100,1
C003,T574,2025-09-05,672,travel,M25,netbanking,mobile,Hyderabad,-416772,0
C003,T575,2025-09-06,17822,fuel,M21,upi,web,Delhi,-434594,0
C003,T576,2025-09-06,2317,fashion,M38,card,web,Bangalore,-436911,1
C003,T577,2025-09-07,7131,travel,M21,card,mobile,Mumbai,-444042,0
C003,T578,2025-09-07,19388,groceries,M10,upi,mobile,Mumbai,-463430,1
C003,T579,2025-09-08,10041,electronics,M47,card,mobile,Delhi,-473471,1
C003,T580,2025-09-08,19989,fashion,M48,card,mobile,Bangalore,-493460,0
C003,T581,2025-09-09,4727,entertainment,M38,netbanking,web,Hyderabad,-498187,1
C003,T582,2025-09-10,19273,electronics,M36,upi,web,Bangalore,-517460,1
C003,T583,2025-09-12,5121,groceries,M20,netbanking,web,Delhi,-522581,1
C003,T584,2025-09-12,19050,fuel,M47,netbanking,mobile,Bangalore,-541631,1
C003,T585,2025-09-13,18743,fuel,M42,card,mobile,Bangalore,-560374,0
C003,T586,2025-09-14,14815,fuel,M12,card,mobile,Hyderabad,-575189,1
C003,T587,2025-09-14,1646,electronics,M7,upi,web,Bangalore,-576835,1
C003,T588,2025-09-14,4245,entertainment,M24,upi,web,Hyderabad,-581080,0
C003,T589,2025-09-16,16675,fuel,M30,upi,mobile,Hyderabad,-597755,0
C003,T590,2025-09-16,17520,fashion,M37,upi,web,Hyderabad,-615275,0
C003,T591,2025-09-16,5557,entertainment,M24,netbanking,web,Bangalore,-620832,1
C003,T592,2025-09-16,12005,travel,M28,upi,web,Delhi,-632837,0
C003,T593,2025-09-17,19667,fashion,M23,card,mobile,Bangalore,-652504,0
C003,T594,2025-09-17,7757,groceries,M42,card,web,Delhi,-660261,0
C003,T595,2025-09-19,13323,groceries,M15,upi,mobile,Bangalore,-673584,0
C003,T596,2025-09-21,7224,electronics,M13,card,mobile,Hyderabad,-680808,1
C003,T597,2025-09-21,19593,travel,M7,card,mobile,Hyderabad,-700401,1
C003,T598,2025-09-21,11251,fashion,M25,upi,web,Mumbai,-711652,0
C003,T599,2025-09-22,5174,fuel,M26,upi,mobile,Delhi,-716826,1
C003,T600,2025-09-23,3362,entertainment,M28,card,web,Bangalore,-720188,1
C003,T601,2025-09-23,18150,fuel,M34,upi,web,Mumbai,-738338,1
C003,T602,2025-09-23,6955,entertainment,M6,upi,web,Bangalore,-745293,1
C003,T603,2025-09-24,9118,fuel,M5,upi,web,Mumbai,-754411,0
C003,T604,2025-09-27,11769,fashion,M13,card,mobile,Delhi,-766180,1
C003,T605,2025-09-29,19463,groceries,M1,netbanking,mobile,Mumbai,-785643,1
C003,T606,2025-09-30,12049,travel,M26,netbanking,mobile,Mumbai,-797692,0
C003,T607,2025-09-30,15688,groceries,M28,card,mobile,Hyderabad,-813380,0
C003,T608,2025-10-01,9204,entertainment,M39,card,web,Delhi,-822584,0
C003,T609,2025-10-02,18131,groceries,M40,netbanking,web,Bangalore,-840715,0
C003,T610,2025-10-02,19245,fashion,M31,card,mobile,Hyderabad,-859960,1
C003,T611,2025-10-02,1948,fashion,M9,upi,mobile,Mumbai,-861908,1
C003,T612,2025-10-04,1906,fashion,M33,card,web,Mumbai,-863814,0
C003,T613,2025-10-06,15298,groceries,M33,upi,mobile,Mumbai,-879112,0
C003,T614,2025-10-06,9883,entertainment,M22,upi,web,Mumbai,-888995,0
C003,T615,2025-10-06,291,travel,M8,card,mobile,Bangalore,-889286,0
C003,T616,2025-10-07,12491,travel,M39,netbanking,mobile,Delhi,-901777,0
C003,T617,2025-10-09,12680,travel,M4,upi,web,Mumbai,-914457,0
C003,T618,2025-10-10,3459,groceries,M41,netbanking,web,Delhi,-917916,0
C003,T619,2025-10-11,14430,fashion,M1,upi,web,Hyderabad,-932346,1
C003,T620,2025-10-12,11251,fashion,M31,netbanking,web,Mumbai,-943597,0
C003,T621,2025-10-12,7778,electronics,M3,upi,web,Delhi,-951375,1
C003,T622,2025-10-12,11341,groceries,M26,upi,mobile,Bangalore,-962716,1
C003,T623,2025-10-12,9320,travel,M27,card,mobile,Bangalore,-972036,1
C003,T624,2025-10-13,14098,electronics,M23,netbanking,web,Hyderabad,-986134,1
C003,T625,2025-10-14,16612,entertainment,M25,upi,web,Bangalore,-1002746,1
C003,T626,2025-10-14,13372,fashion,M49,upi,mobile,Delhi,-1016118,0
C003,T627,2025-10-15,8285,electronics,M46,netbanking,web,Mumbai,-1024403,0
C003,T628,2025-10-16,7379,fashion,M47,netbanking,web,Bangalore,-1031782,1
C003,T629,2025-10-16,13048,fashion,M35,upi,web,Bangalore,-1044830,1
C003,T630,2025-10-17,1108,travel,M5,upi,mobile,Mumbai,-1045938,0
C003,T631,2025-10-17,14491,travel,M45,upi,mobile,Mumbai,-1060429,0
C003,T632,2025-10-18,4106,electronics,M13,netbanking,web,Bangalore,-1064535,1
C003,T633,2025-10-18,9023,electronics,M30,card,mobile,Bangalore,-1073558,1
C003,T634,2025-10-18,18203,electronics,M31,card,web,Mumbai,-1091761,0
C003,T635,2025-10-18,10450,groceries,M1,card,mobile,Delhi,-1102211,1
C003,T636,2025-10-18,1549,fuel,M15,card,web,Delhi,-1103760,0
C003,T637,2025-10-19,4724,entertainment,M26,card,mobile,Delhi,-1108484,0
C003,T638,2025-10-20,7793,fuel,M15,upi,mobile,Bangalore,-1116277,0
C003,T639,2025-10-20,10068,fuel,M35,upi,mobile,Delhi,-1126345,1
C003,T640,2025-10-21,11368,electronics,M20,upi,web,Bangalore,-1137713,1
C003,T641,2025-10-21,9703,groceries,M14,upi,mobile,Bangalore,-1147416,1
C003,T642,2025-10-22,15186,fashion,M35,card,mobile,Bangalore,-1162602,1
C003,T643,2025-10-23,12819,fashion,M40,card,mobile,Mumbai,-1175421,0
C003,T644,2025-10-24,4995,fashion,M13,upi,web,Hyderabad,-1180416,1
C003,T645,2025-10-25,14433,fashion,M40,netbanking,web,Hyderabad,-1194849,1
C003,T646,2025-10-27,18768,electronics,M31,netbanking,web,Hyderabad,-1213617,1
C003,T647,2025-10-28,17445,fashion,M39,upi,mobile,Mumbai,-1231062,1
C003,T648,2025-10-28,19329,electronics,M38,upi,web,Mumbai,-1250391,0
C003,T649,2025-10-29,10689,entertainment,M46,card,mobile,Delhi,-1261080,1
C003,T650,2025-10-29,5837,electronics,M15,upi,web,Mumbai,-1266917,0
C003,T651,2025-10-29,9517,fashion,M6,netbanking,mobile,Bangalore,-1276434,1
C003,T652,2025-10-31,17209,entertainment,M35,upi,mobile,Hyderabad,-1293643,1
C003,T653,2025-10-31,14291,travel,M13,netbanking,web,Bangalore,-1307934,0
C003,T654,2025-10-31,2223,entertainment,M33,upi,mobile,Bangalore,-1310157,0
C003,T655,2025-10-31,1914,electronics,M19,card,mobile,Mumbai,-1312071,0
C003,T656,2025-11-01,2515,groceries,M10,upi,web,Mumbai,-1314586,1
C003,T657,2025-11-01,12762,groceries,M25,upi,mobile,Hyderabad,-1327348,1
C003,T658,2025-11-01,8005,electronics,M35,netbanking,mobile,Mumbai,-1335353,0
C003,T659,2025-11-02,3041,electronics,M12,card,web,Delhi,-1338394,1
C003,T660,2025-11-02,5550,groceries,M18,netbanking,mobile,Bangalore,-1343944,1
C003,T661,2025-11-03,2445,fashion,M13,netbanking,web,Delhi,-1346389,1
C003,T662,2025-11-03,5022,travel,M27,netbanking,mobile,Hyderabad,-1351411,0
C003,T663,2025-11-03,18386,entertainment,M40,card,web,Bangalore,-1369797,0
C003,T664,2025-11-05,6056,electronics,M16,upi,mobile,Bangalore,-1375853,1
C003,T665,2025-11-06,17453,fuel,M37,card,mobile,Bangalore,-1393306,1
C003,T666,2025-11-07,3192,fuel,M27,netbanking,web,Mumbai,-1396498,1
C003,T667,2025-11-07,14716,entertainment,M36,upi,web,Hyderabad,-1411214,1
C003,T668,2025-11-09,10373,fuel,M43,upi,web,Mumbai,-1421587,1
C003,T669,2025-11-09,2681,fashion,M47,card,mobile,Bangalore,-1424268,0
C003,T670,2025-11-10,17795,fashion,M18,card,web,Bangalore,-1442063,1
C003,T671,2025-11-10,16046,fuel,M22,upi,web,Mumbai,-1458109,1
C003,T672,2025-11-10,6892,electronics,M31,netbanking,web,Bangalore,-1465001,1
C003,T673,2025-11-11,387,electronics,M10,upi,web,Hyderabad,-1465388,1
C003,T674,2025-11-11,6083,entertainment,M39,card,mobile,Bangalore,-1471471,1
C003,T675,2025-11-11,2276,travel,M21,netbanking,web,Bangalore,-1473747,1
C003,T676,2025-11-11,2754,groceries,M33,netbanking,web,Hyderabad,-1476501,0
C003,T677,2025-11-12,10870,electronics,M11,upi,mobile,Bangalore,-1487371,0
C003,T678,2025-11-12,7462,fashion,M3,upi,mobile,Mumbai,-1494833,1
C003,T679,2025-11-12,3109,groceries,M16,upi,web,Delhi,-1497942,1
C003,T680,2025-11-12,14007,entertainment,M28,card,web,Mumbai,-1511949,1
C003,T681,2025-11-13,9136,groceries,M42,netbanking,mobile,Delhi,-1521085,1
C003,T682,2025-11-16,10501,electronics,M25,upi,web,Hyderabad,-1531586,0
C003,T683,2025-11-17,10179,groceries,M34,netbanking,web,Delhi,-1541765,0
C003,T684,2025-11-18,5297,electronics,M29,netbanking,web,Mumbai,-1547062,1
C003,T685,2025-11-18,2272,fuel,M10,upi,web,Mumbai,-1549334,1
C003,T686,2025-11-18,4081,electronics,M12,upi,web,Delhi,-1553415,1
C003,T687,2025-11-19,7797,entertainment,M3,netbanking,web,Mumbai,-1561212,0
C003,T688,2025-11-19,9715,travel,M5,card,web,Bangalore,-1570927,1
C003,T689,2025-11-19,2114,entertainment,M6,card,mobile,Bangalore,-1573041,1
C003,T690,2025-11-19,18848,entertainment,M32,netbanking,web,Mumbai,-1591889,0
C003,T691,2025-11-19,6738,fashion,M34,card,mobile,Bangalore,-1598627,1
C003,T692,2025-11-20,2353,travel,M33,card,mobile,Bangalore,-1600980,0
C003,T693,2025-11-21,18721,fuel,M20,netbanking,mobile,Mumbai,-1619701,0
C003,T694,2025-11-23,14352,fuel,M27,card,web,Bangalore,-1634053,0
C003,T695,2025-11-24,7854,entertainment,M24,netbanking,mobile,Delhi,-1641907,1
C003,T696,2025-11-26,15570,groceries,M17,upi,mobile,Hyderabad,-1657477,1
C003,T697,2025-11-26,4203,fuel,M48,netbanking,mobile,Bangalore,-1661680,1
C003,T698,2025-11-28,14183,travel,M19,upi,mobile,Mumbai,-1675863,0
C003,T699,2025-11-28,8944,fuel,M22,netbanking,mobile,Mumbai,-1684807,1
C003,T700,2025-11-28,10550,fashion,M8,upi,web,Hyderabad,-1695357,0
C003,T701,2025-11-29,13431,travel,M48,netbanking,mobile,Hyderabad,-1708788,0
C003,T702,2025-11-29,12354,entertainment,M11,upi,web,Bangalore,-1721142,0
C003,T703,2025-12-01,4937,groceries,M42,card,mobile,Hyderabad,-1726079,1
C003,T704,2025-12-01,1566,fashion,M47,netbanking,mobile,Bangalore,-1727645,0
C003,T705,2025-12-02,11926,fuel,M37,upi,mobile,Hyderabad,-1739571,1
C003,T706,2025-12-02,18396,fuel,M25,card,web,Delhi,-1757967,0
C003,T707,2025-12-02,10455,entertainment,M4,netbanking,web,Mumbai,-1768422,0
C003,T708,2025-12-03,14412,fuel,M23,upi,web,Bangalore,-1782834,0
C003,T709,2025-12-04,7108,fashion,M14,upi,mobile,Delhi,-1789942,1
C003,T710,2025-12-04,372,travel,M16,upi,web,Hyderabad,-1790314,0
C003,T711,2025-12-05,16990,fuel,M38,netbanking,mobile,Delhi,-1807304,0
C003,T712,2025-12-05,10164,electronics,M49,card,web,Delhi,-1817468,0
C003,T713,2025-12-05,490,fuel,M38,netbanking,web,Mumbai,-1817958,0
C003,T714,2025-12-07,17127,travel,M26,card,mobile,Delhi,-1835085,1
C003,T715,2025-12-08,12342,fashion,M43,netbanking,web,Delhi,-1847427,0
C003,T716,2025-12-08,16117,fashion,M29,netbanking,mobile,Bangalore,-1863544,0
C003,T717,2025-12-09,5137,electronics,M48,netbanking,mobile,Hyderabad,-1868681,1
C003,T718,2025-12-09,7937,entertainment,M11,upi,web,Hyderabad,-1876618,1
C003,T719,2025-12-10,1578,fuel,M1,netbanking,web,Delhi,-1878196,0
C003,T720,2025-12-11,7311,entertainment,M19,card,web,Bangalore,-1885507,1
C003,T721,2025-12-12,1004,entertainment,M21,netbanking,mobile,Mumbai,-1886511,0
C003,T722,2025-12-12,1825,fuel,M15,upi,web,Bangalore,-1888336,0
C003,T723,2025-12-12,16655,entertainment,M18,netbanking,mobile,Bangalore,-1904991,1
C003,T724,2025-12-12,521,fuel,M33,netbanking,mobile,Delhi,-1905512,0
C003,T725,2025-12-12,4775,travel,M18,card,web,Mumbai,-1910287,1
C003,T726,2025-12-13,9882,travel,M16,netbanking,web,Bangalore,-1920169,1
C003,T727,2025-12-13,8515,fashion,M49,card,web,Mumbai,-1928684,1
C003,T728,2025-12-13,6659,fuel,M23,card,web,Mumbai,-1935343,1
C003,T729,2025-12-13,11806,electronics,M39,upi,mobile,Bangalore,-1947149,0
C003,T730,2025-12-16,8326,entertainment,M12,netbanking,web,Mumbai,-1955475,0
C003,T731,2025-12-17,10461,fashion,M47,netbanking,mobile,Bangalore,-1965936,0
C003,T732,2025-12-18,6577,fuel,M7,netbanking,mobile,Delhi,-1972513,1
C003,T733,2025-12-18,19980,entertainment,M24,card,mobile,Hyderabad,-1992493,0
C003,T734,2025-12-18,2413,travel,M16,upi,web,Hyderabad,-1994906,0
C003,T735,2025-12-23,3036,travel,M6,netbanking,mobile,Bangalore,-1997942,0
C003,T736,2025-12-25,15774,fashion,M28,netbanking,web,Bangalore,-2013716,1
C003,T737,2025-12-26,12855,fashion,M33,upi,mobile,Delhi,-2026571,1
C003,T738,2025-12-27,19137,fuel,M13,card,mobile,Hyderabad,-2045708,1
C003,T739,2025-12-27,19381,electronics,M10,netbanking,mobile,Delhi,-2065089,0
C003,T740,2025-12-27,10146,fashion,M47,card,web,Bangalore,-2075235,0
C003,T741,2025-12-28,6781,entertainment,M14,upi,mobile,Hyderabad,-2082016,1
C003,T742,2025-12-28,10572,groceries,M43,netbanking,web,Bangalore,-2092588,1
C003,T743,2025-12-29,10271,travel,M33,netbanking,web,Bangalore,-2102859,1
C003,T744,2025-12-29,19681,groceries,M37,upi,mobile,Delhi,-2122540,0
C003,T745,2025-12-30,17850,fashion,M22,netbanking,web,Mumbai,-2140390,1
C003,T746,2025-12-30,2987,fashion,M22,card,web,Hyderabad,-2143377,0
C003,T747,2025-12-31,4858,travel,M23,netbanking,mobile,Bangalore,-2148235,1
C003,T748,2026-01-01,6074,groceries,M21,card,mobile,Bangalore,-2154309,0
C003,T749,2026-01-02,4630,electronics,M7,upi,web,Hyderabad,-2158939,0
C003,T750,2026-01-03,2256,groceries,M31,card,web,Hyderabad,-2161195,1
C003,T751,2026-01-05,12121,fuel,M28,card,web,Mumbai,-2173316,1
C003,T752,2026-01-06,2281,travel,M38,upi,mobile,Bangalore,-2175597,1
C003,T753,2026-01-09,5750,electronics,M49,card,web,Mumbai,-2181347,0
C003,T754,2026-01-10,18960,groceries,M43,upi,mobile,Hyderabad,-2200307,1
C003,T755,2026-01-11,9956,electronics,M19,card,web,Hyderabad,-2210263,1
C003,T756,2026-01-11,15307,electronics,M34,card,mobile,Mumbai,-2225570,1
C003,T757,2026-01-11,2168,electronics,M6,card,web,Bangalore,-2227738,0
C003,T758,2026-01-12,4576,groceries,M31,netbanking,web,Bangalore,-2232314,1
C003,T759,2026-01-12,10960,groceries,M26,card,web,Bangalore,-2243274,0
C003,T760,2026-01-12,6108,fashion,M5,netbanking,mobile,Hyderabad,-2249382,0
C003,T761,2026-01-12,9973,electronics,M29,card,web,Delhi,-2259355,0
C003,T762,2026-01-13,166,entertainment,M9,upi,mobile,Bangalore,-2259521,0
C003,T763,2026-01-14,13040,fashion,M37,upi,web,Hyderabad,-2272561,0
C003,T764,2026-01-15,17274,fuel,M23,card,web,Delhi,-2289835,0
C003,T765,2026-01-15,18728,groceries,M31,upi,web,Hyderabad,-2308563,0
C003,T766,2026-01-17,1705,travel,M35,upi,mobile,Delhi,-2310268,1
C003,T767,2026-01-17,5174,entertainment,M19,upi,mobile,Delhi,-2315442,1
C003,T768,2026-01-17,18747,groceries,M4,netbanking,mobile,Hyderabad,-2334189,0
C003,T769,2026-01-18,5686,entertainment,M36,netbanking,web,Bangalore,-2339875,0
C003,T770,2026-01-20,3893,fashion,M16,netbanking,web,Mumbai,-2343768,0
C003,T771,2026-01-21,17397,entertainment,M29,upi,mobile,Bangalore,-2361165,0
C003,T772,2026-01-21,15611,travel,M26,netbanking,mobile,Delhi,-2376776,1
C003,T773,2026-01-21,9599,travel,M11,upi,mobile,Delhi,-2386375,0
C003,T774,2026-01-22,7489,travel,M8,netbanking,web,Hyderabad,-2393864,1
C003,T775,2026-01-22,5278,groceries,M45,card,mobile,Bangalore,-2399142,1
C003,T776,2026-01-23,16862,travel,M45,netbanking,mobile,Mumbai,-2416004,0
C003,T777,2026-01-27,2312,groceries,M17,netbanking,web,Mumbai,-2418316,1
C003,T778,2026-01-27,14659,travel,M47,upi,mobile,Hyderabad,-2432975,1
C003,T779,2026-01-27,546,fuel,M31,netbanking,mobile,Hyderabad,-2433521,1
C003,T780,2026-01-29,5554,entertainment,M27,netbanking,web,Hyderabad,-2439075,0
C003,T781,2026-01-30,14994,fuel,M41,upi,web,Hyderabad,-2454069,1
C003,T782,2026-01-31,8837,entertainment,M15,upi,mobile,Mumbai,-2462906,1
C003,T783,2026-01-31,9397,entertainment,M7,card,mobile,Bangalore,-2472303,1
C003,T784,2026-01-31,18545,travel,M2,card,mobile,Delhi,-2490848,0
C004,T785,2025-08-01,17529,travel,M37,upi,web,Hyderabad,158990,0
C004,T786,2025-08-01,9230,groceries,M16,upi,mobile,Delhi,149760,1
C004,T787,2025-08-02,15849,groceries,M39,card,mobile,Mumbai,133911,1
C004,T788,2025-08-04,6952,electronics,M2,card,mobile,Hyderabad,126959,1
C004,T789,2025-08-05,9737,travel,M46,card,web,Bangalore,117222,0
C004,T790,2025-08-05,6340,groceries,M24,card,web,Bangalore,110882,0
C004,T791,2025-08-06,19994,fashion,M6,upi,web,Delhi,90888,0
C004,T792,2025-08-06,6101,electronics,M24,card,mobile,Hyderabad,84787,1
C004,T793,2025-08-07,13364,electronics,M23,upi,mobile,Delhi,71423,1
C004,T794,2025-08-07,5061,electronics,M4,netbanking,mobile,Hyderabad,66362,1
C004,T795,2025-08-07,14029,entertainment,M22,upi,mobile,Hyderabad,52333,1
C004,T796,2025-08-08,2621,entertainment,M9,netbanking,mobile,Hyderabad,49712,1
C004,T797,2025-08-08,11561,fashion,M24,netbanking,web,Hyderabad,38151,0
C004,T798,2025-08-09,9699,travel,M22,netbanking,mobile,Bangalore,28452,1
C004,T799,2025-08-10,12846,fashion,M29,netbanking,mobile,Delhi,15606,1
C004,T800,2025-08-11,8413,groceries,M38,upi,mobile,Mumbai,7193,0
C004,T801,2025-08-11,17617,entertainment,M3,netbanking,mobile,Mumbai,-10424,1
C004,T802,2025-08-13,2857,fuel,M1,netbanking,mobile,Bangalore,-13281,0
C004,T803,2025-08-14,160,entertainment,M40,upi,web,Hyderabad,-13441,0
C004,T804,2025-08-15,12062,fashion,M7,netbanking,web,Delhi,-25503,0
C004,T805,2025-08-15,10791,entertainment,M14,netbanking,web,Bangalore,-36294,1
C004,T806,2025-08-17,1961,entertainment,M32,card,web,Mumbai,-38255,1
C004,T807,2025-08-19,11460,electronics,M13,netbanking,mobile,Hyderabad,-49715,0
C004,T808,2025-08-19,7037,groceries,M15,card,mobile,Hyderabad,-56752,0
C004,T809,2025-08-20,18074,electronics,M33,netbanking,web,Bangalore,-74826,1
C004,T810,2025-08-21,2560,electronics,M33,card,mobile,Bangalore,-77386,0
C004,T811,2025-08-21,10854,electronics,M32,netbanking,web,Bangalore,-88240,0
C004,T812,2025-08-22,3261,electronics,M30,card,web,Hyderabad,-91501,0
C004,T813,2025-08-22,11460,electronics,M47,upi,mobile,Hyderabad,-102961,1
C004,T814,2025-08-22,4251,groceries,M32,netbanking,web,Bangalore,-107212,1
C004,T815,2025-08-22,5940,entertainment,M2,netbanking,web,Delhi,-113152,0
C004,T816,2025-08-23,16249,electronics,M33,netbanking,web,Mumbai,-129401,0
C004,T817,2025-08-24,4236,fuel,M24,upi,web,Mumbai,-133637,0
C004,T818,2025-08-25,5571,groceries,M24,card,web,Mumbai,-139208,0
C004,T819,2025-08-27,18222,fuel,M21,upi,mobile,Mumbai,-157430,1
C004,T820,2025-08-29,656,electronics,M17,card,web,Mumbai,-158086,0
C004,T821,2025-08-29,9026,fashion,M18,netbanking,web,Hyderabad,-167112,1
C004,T822,2025-08-30,11568,travel,M15,card,mobile,Bangalore,-178680,1
C004,T823,2025-08-31,12479,groceries,M18,card,mobile,Delhi,-191159,0
C004,T824,2025-08-31,11149,travel,M17,card,web,Mumbai,-202308,1
C004,T825,2025-09-01,19910,fashion,M36,card,web,Bangalore,-222218,1
C004,T826,2025-09-02,6804,groceries,M10,upi,web,Hyderabad,-229022,1
C004,T827,2025-09-02,7467,fuel,M39,upi,web,Hyderabad,-236489,1
C004,T828,2025-09-02,11596,entertainment,M43,upi,web,Delhi,-248085,0
C004,T829,2025-09-03,17207,travel,M4,card,web,Bangalore,-265292,1
C004,T830,2025-09-04,8847,groceries,M13,upi,web,Delhi,-274139,1
C004,T831,2025-09-05,10251,electronics,M42,card,mobile,Bangalore,-284390,0
C004,T832,2025-09-05,15226,groceries,M48,upi,web,Hyderabad,-299616,0
C004,T833,2025-09-06,11702,electronics,M44,card,web,Delhi,-311318,0
C004,T834,2025-09-06,11719,entertainment,M18,netbanking,web,Delhi,-323037,0
C004,T835,2025-09-06,19606,travel,M6,netbanking,mobile,Bangalore,-342643,0
C004,T836,2025-09-06,17299,travel,M5,netbanking,mobile,Hyderabad,-359942,0
C004,T837,2025-09-08,13565,fuel,M8,card,mobile,Bangalore,-373507,1
C004,T838,2025-09-08,8107,electronics,M24,card,mobile,Bangalore,-381614,1
C004,T839,2025-09-08,11117,fashion,M38,netbanking,web,Delhi,-392731,0
C004,T840,2025-09-09,11297,travel,M1,netbanking,web,Delhi,-404028,0
C004,T841,2025-09-10,3183,groceries,M10,upi,web,Hyderabad,-407211,0
C004,T842,2025-09-10,6895,groceries,M2,upi,mobile,Hyderabad,-414106,0
C004,T843,2025-09-10,839,electronics,M21,card,web,Hyderabad,-414945,0
C004,T844,2025-09-10,13849,electronics,M21,upi,mobile,Hyderabad,-428794,1
C004,T845,2025-09-12,12797,entertainment,M38,upi,mobile,Hyderabad,-441591,1
C004,T846,2025-09-12,19087,electronics,M6,card,mobile,Delhi,-460678,1
C004,T847,2025-09-13,15147,fuel,M6,card,mobile,Delhi,-475825,0
C004,T848,2025-09-14,2879,groceries,M32,upi,mobile,Delhi,-478704,1
C004,T849,2025-09-15,19322,electronics,M40,upi,mobile,Mumbai,-498026,0
C004,T850,2025-09-15,2723,groceries,M21,upi,web,Bangalore,-500749,0
C004,T851,2025-09-15,18760,electronics,M20,netbanking,mobile,Delhi,-519509,0
C004,T852,2025-09-16,18619,fuel,M30,card,web,Bangalore,-538128,1
C004,T853,2025-09-17,16295,electronics,M19,upi,mobile,Delhi,-554423,0
C004,T854,2025-09-17,9245,travel,M16,card,web,Hyderabad,-563668,1
C004,T855,2025-09-17,14232,groceries,M8,upi,mobile,Hyderabad,-577900,0
C004,T856,2025-09-17,11773,entertainment,M13,netbanking,mobile,Bangalore,-589673,1
C004,T857,2025-09-18,3426,fashion,M2,netbanking,web,Hyderabad,-593099,1
C004,T858,2025-09-19,5192,electronics,M26,netbanking,web,Delhi,-598291,1
C004,T859,2025-09-19,11122,fuel,M13,card,mobile,Delhi,-609413,1
C004,T860,2025-09-20,754,electronics,M7,netbanking,mobile,Bangalore,-610167,1
C004,T861,2025-09-22,7887,electronics,M37,netbanking,mobile,Mumbai,-618054,1
C004,T862,2025-09-23,9802,fuel,M23,netbanking,web,Delhi,-627856,0
C004,T863,2025-09-24,14735,fashion,M26,card,web,Hyderabad,-642591,0
C004,T864,2025-09-24,7788,fashion,M5,upi,web,Delhi,-650379,1
C004,T865,2025-09-24,16582,fuel,M34,upi,web,Mumbai,-666961,0
C004,T866,2025-09-25,2983,fuel,M33,netbanking,web,Mumbai,-669944,1
C004,T867,2025-09-25,19656,travel,M10,netbanking,mobile,Bangalore,-689600,1
C004,T868,2025-09-25,18930,fuel,M29,netbanking,web,Bangalore,-708530,1
C004,T869,2025-09-26,8267,fashion,M25,netbanking,web,Delhi,-716797,1
C004,T870,2025-09-26,17056,fuel,M18,netbanking,mobile,Delhi,-733853,0
C004,T871,2025-09-27,2097,fashion,M29,card,mobile,Mumbai,-735950,1
C004,T872,2025-09-28,6831,fashion,M5,upi,web,Mumbai,-742781,0
C004,T873,2025-09-29,16734,travel,M24,netbanking,web,Delhi,-759515,1
C004,T874,2025-10-01,8724,travel,M9,netbanking,mobile,Delhi,-768239,0
C004,T875,2025-10-01,4667,entertainment,M31,netbanking,mobile,Bangalore,-772906,1
C004,T876,2025-10-02,4122,groceries,M26,card,mobile,Mumbai,-777028,0
C004,T877,2025-10-03,3591,travel,M22,card,web,Delhi,-780619,0
C004,T878,2025-10-03,5855,groceries,M12,netbanking,mobile,Hyderabad,-786474,1
C004,T879,2025-10-04,12218,entertainment,M20,netbanking,mobile,Hyderabad,-798692,1
C004,T880,2025-10-05,3157,fuel,M13,netbanking,web,Mumbai,-801849,1
C004,T881,2025-10-07,6671,fuel,M4,netbanking,web,Delhi,-808520,0
C004,T882,2025-10-07,4250,electronics,M32,upi,mobile,Mumbai,-812770,0
C004,T883,2025-10-07,16936,electronics,M10,upi,web,Bangalore,-829706,1
C004,T884,2025-10-08,17364,entertainment,M21,upi,mobile,Mumbai,-847070,0
C004,T885,2025-10-08,1268,fuel,M31,card,web,Delhi,-848338,0
C004,T886,2025-10-10,14257,groceries,M29,netbanking,mobile,Hyderabad,-862595,1
C004,T887,2025-10-11,13482,electronics,M27,card,web,Bangalore,-876077,1
C004,T888,2025-10-12,793,groceries,M28,card,web,Mumbai,-876870,1
C004,T889,2025-10-12,14354,entertainment,M29,netbanking,web,Mumbai,-891224,0
C004,T890,2025-10-13,17035,travel,M25,netbanking,mobile,Delhi,-908259,0
C004,T891,2025-10-13,14490,fashion,M44,card,web,Mumbai,-922749,1
C004,T892,2025-10-14,16058,groceries,M17,card,web,Bangalore,-938807,0
C004,T893,2025-10-14,8795,entertainment,M42,upi,mobile,Hyderabad,-947602,0
C004,T894,2025-10-14,4478,electronics,M36,netbanking,mobile,Mumbai,-952080,0
C004,T895,2025-10-15,5770,fashion,M40,card,web,Delhi,-957850,0
C004,T896,2025-10-15,7937,fashion,M4,card,mobile,Hyderabad,-965787,0
C004,T897,2025-10-17,17206,fashion,M18,card,web,Hyderabad,-982993,0
C004,T898,2025-10-19,14706,fashion,M24,card,mobile,Delhi,-997699,0
C004,T899,2025-10-20,10772,fuel,M1,upi,mobile,Bangalore,-1008471,0
C004,T900,2025-10-20,12490,fashion,M22,upi,web,Delhi,-1020961,1
C004,T901,2025-10-21,1088,electronics,M44,upi,mobile,Delhi,-1022049,1
C004,T902,2025-10-21,16298,fashion,M18,upi,mobile,Bangalore,-1038347,0
C004,T903,2025-10-22,13590,travel,M18,card,web,Hyderabad,-1051937,1
C004,T904,2025-10-23,6478,entertainment,M22,netbanking,mobile,Hyderabad,-1058415,1
C004,T905,2025-10-23,13280,entertainment,M4,netbanking,web,Mumbai,-1071695,0
C004,T906,2025-10-23,5570,fashion,M42,card,web,Delhi,-1077265,1
C004,T907,2025-10-24,12973,entertainment,M44,upi,mobile,Hyderabad,-1090238,0
C004,T908,2025-10-24,417,groceries,M31,netbanking,web,Bangalore,-1090655,0
C004,T909,2025-10-25,15957,entertainment,M45,upi,mobile,Delhi,-1106612,1
C004,T910,2025-10-26,7957,fuel,M32,netbanking,mobile,Delhi,-1114569,1
C004,T911,2025-10-27,18863,fuel,M48,card,mobile,Mumbai,-1133432,1
C004,T912,2025-10-28,6843,groceries,M6,netbanking,mobile,Hyderabad,-1140275,1
C004,T913,2025-10-30,3657,fashion,M24,netbanking,mobile,Bangalore,-1143932,1
C004,T914,2025-10-31,8601,travel,M31,card,web,Mumbai,-1152533,1
C004,T915,2025-11-01,6004,fashion,M40,card,mobile,Mumbai,-1158537,0
C004,T916,2025-11-02,12558,travel,M26,upi,mobile,Bangalore,-1171095,0
C004,T917,2025-11-02,8518,fashion,M12,card,web,Bangalore,-1179613,0
C004,T918,2025-11-05,3507,fuel,M35,netbanking,web,Mumbai,-1183120,1
C004,T919,2025-11-05,10209,fuel,M10,upi,web,Delhi,-1193329,0
C004,T920,2025-11-07,5285,entertainment,M41,netbanking,web,Hyderabad,-1198614,0
C004,T921,2025-11-09,14830,entertainment,M23,netbanking,web,Delhi,-1213444,1
C004,T922,2025-11-09,19173,entertainment,M20,card,mobile,Hyderabad,-1232617,0
C004,T923,2025-11-10,2933,entertainment,M37,upi,mobile,Bangalore,-1235550,1
C004,T924,2025-11-10,10989,electronics,M48,upi,mobile,Mumbai,-1246539,1
C004,T925,2025-11-10,17305,entertainment,M35,upi,web,Delhi,-1263844,1
C004,T926,2025-11-11,19930,fashion,M39,card,web,Hyderabad,-1283774,0
C004,T927,2025-11-15,664,travel,M38,card,mobile,Hyderabad,-1284438,1
C004,T928,2025-11-16,18412,fuel,M39,upi,mobile,Hyderabad,-1302850,1
C004,T929,2025-11-16,12416,fashion,M11,card,web,Delhi,-1315266,0
C004,T930,2025-11-17,4142,electronics,M1,netbanking,mobile,Bangalore,-1319408,0
C004,T931,2025-11-17,19967,groceries,M25,netbanking,web,Hyderabad,-1339375,0
C004,T932,2025-11-17,11042,travel,M2,upi,web,Hyderabad,-1350417,0
C004,T933,2025-11-17,3107,electronics,M5,card,web,Delhi,-1353524,1
C004,T934,2025-11-18,15111,entertainment,M21,card,mobile,Delhi,-1368635,1
C004,T935,2025-11-18,16870,electronics,M5,upi,web,Mumbai,-1385505,0
C004,T936,2025-11-19,9899,fuel,M15,netbanking,web,Mumbai,-1395404,1
C004,T937,2025-11-19,13832,travel,M47,netbanking,mobile,Hyderabad,-1409236,1
C004,T938,2025-11-20,16921,travel,M38,upi,web,Delhi,-1426157,0
C004,T939,2025-11-22,15267,entertainment,M21,netbanking,web,Bangalore,-1441424,0
C004,T940,2025-11-22,9763,fashion,M8,upi,web,Bangalore,-1451187,1
C004,T941,2025-11-23,16065,electronics,M10,card,web,Hyderabad,-1467252,1
C004,T942,2025-11-27,4607,entertainment,M31,upi,mobile,Mumbai,-1471859,0
C004,T943,2025-11-27,3420,travel,M24,card,web,Mumbai,-1475279,0
C004,T944,2025-11-28,826,fuel,M5,upi,mobile,Delhi,-1476105,1
C004,T945,2025-11-29,19365,groceries,M9,card,mobile,Mumbai,-1495470,0
C004,T946,2025-11-30,13536,travel,M6,card,web,Delhi,-1509006,0
C004,T947,2025-12-01,904,fashion,M39,card,mobile,Mumbai,-1509910,0
C004,T948,2025-12-01,6116,fuel,M45,upi,mobile,Bangalore,-1516026,0
C004,T949,2025-12-01,4241,travel,M24,upi,web,Hyderabad,-1520267,0
C004,T950,2025-12-02,5677,travel,M24,netbanking,mobile,Bangalore,-1525944,1
C004,T951,2025-12-03,18087,travel,M5,netbanking,mobile,Delhi,-1544031,0
C004,T952,2025-12-03,9418,groceries,M42,upi,mobile,Bangalore,-1553449,0
C004,T953,2025-12-04,2196,electronics,M33,card,web,Bangalore,-1555645,1
C004,T954,2025-12-05,18151,fashion,M36,card,mobile,Hyderabad,-1573796,1
C004,T955,2025-12-07,1949,travel,M1,card,web,Bangalore,-1575745,1
C004,T956,2025-12-07,17102,fuel,M37,card,web,Hyderabad,-1592847,1
C004,T957,2025-12-08,2213,fuel,M36,netbanking,mobile,Bangalore,-1595060,0
C004,T958,2025-12-08,8893,fuel,M17,netbanking,mobile,Mumbai,-1603953,0
C004,T959,2025-12-08,6193,groceries,M37,upi,web,Hyderabad,-1610146,1
C004,T960,2025-12-09,6173,travel,M20,upi,mobile,Mumbai,-1616319,0
C004,T961,2025-12-09,13534,fuel,M18,card,mobile,Delhi,-1629853,0
C004,T962,2025-12-11,10371,electronics,M43,card,mobile,Mumbai,-1640224,1
C004,T963,2025-12-12,4295,electronics,M9,upi,mobile,Mumbai,-1644519,0
C004,T964,2025-12-14,17165,fuel,M15,card,web,Delhi,-1661684,1
C004,T965,2025-12-16,13261,entertainment,M45,upi,web,Delhi,-1674945,0
C004,T966,2025-12-19,9178,entertainment,M33,card,web,Hyderabad,-1684123,1
C004,T967,2025-12-20,4752,groceries,M42,card,web,Bangalore,-1688875,1
C004,T968,2025-12-22,14688,entertainment,M9,upi,web,Delhi,-1703563,0
C004,T969,2025-12-23,5519,travel,M23,card,web,Mumbai,-1709082,1
C004,T970,2025-12-23,908,fashion,M31,netbanking,web,Hyderabad,-1709990,1
C004,T971,2025-12-24,17613,fashion,M10,netbanking,mobile,Mumbai,-1727603,1
C004,T972,2025-12-25,985,travel,M13,netbanking,web,Mumbai,-1728588,1
C004,T973,2025-12-26,11055,groceries,M36,upi,mobile,Bangalore,-1739643,1
C004,T974,2025-12-26,7229,electronics,M21,upi,web,Delhi,-1746872,0
C004,T975,2025-12-27,18912,fashion,M30,upi,mobile,Bangalore,-1765784,0
C004,T976,2025-12-29,12259,travel,M23,netbanking,web,Hyderabad,-1778043,1
C004,T977,2025-12-29,17185,travel,M42,card,mobile,Hyderabad,-1795228,0
C004,T978,2025-12-31,4719,fuel,M42,card,mobile,Mumbai,-1799947,1
C004,T979,2025-12-31,3122,fuel,M28,card,mobile,Bangalore,-1803069,0
C004,T980,2025-12-31,1870,electronics,M30,upi,web,Mumbai,-1804939,0
C004,T981,2026-01-01,1492,entertainment,M46,upi,web,Delhi,-1806431,1
C004,T982,2026-01-01,2046,groceries,M8,upi,mobile,Bangalore,-1808477,1
C004,T983,2026-01-02,4969,electronics,M39,netbanking,web,Delhi,-1813446,0
C004,T984,2026-01-02,5882,electronics,M25,card,mobile,Mumbai,-1819328,1
C004,T985,2026-01-03,178,fashion,M2,card,mobile,Delhi,-1819506,0
C004,T986,2026-01-04,18662,electronics,M6,netbanking,web,Hyderabad,-1838168,0
C004,T987,2026-01-05,5679,fuel,M3,netbanking,mobile,Delhi,-1843847,1
C004,T988,2026-01-05,17448,groceries,M27,netbanking,mobile,Delhi,-1861295,1
C004,T989,2026-01-07,15483,travel,M22,netbanking,mobile,Delhi,-1876778,1
C004,T990,2026-01-08,12738,electronics,M41,netbanking,web,Delhi,-1889516,0
C004,T991,2026-01-08,13603,travel,M2,netbanking,web,Delhi,-1903119,0
C004,T992,2026-01-09,12131,groceries,M48,card,mobile,Bangalore,-1915250,1
C004,T993,2026-01-10,7866,fuel,M1,card,mobile,Delhi,-1923116,0
C004,T994,2026-01-11,11792,groceries,M40,upi,web,Bangalore,-1934908,1
C004,T995,2026-01-11,5157,entertainment,M22,netbanking,web,Mumbai,-1940065,0
C004,T996,2026-01-12,5157,groceries,M39,upi,web,Mumbai,-1945222,0
C004,T997,2026-01-13,13754,groceries,M2,card,mobile,Bangalore,-1958976,1
C004,T998,2026-01-14,1040,fuel,M29,netbanking,mobile,Delhi,-1960016,1
C004,T999,2026-01-14,10325,groceries,M2,card,web,Delhi,-1970341,1
C004,T1000,2026-01-15,4968,fuel,M19,card,mobile,Bangalore,-1975309,0
C004,T1001,2026-01-15,6575,entertainment,M5,upi,web,Bangalore,-1981884,0
C004,T1002,2026-01-18,11467,entertainment,M33,upi,web,Hyderabad,-1993351,1
C004,T1003,2026-01-18,13909,fashion,M12,card,mobile,Delhi,-2007260,0
C004,T1004,2026-01-19,3343,groceries,M40,upi,mobile,Hyderabad,-2010603,1
C004,T1005,2026-01-19,14942,electronics,M15,card,mobile,Mumbai,-2025545,1
C004,T1006,2026-01-19,15667,groceries,M10,upi,mobile,Delhi,-2041212,0
C004,T1007,2026-01-20,9315,electronics,M18,card,mobile,Mumbai,-2050527,1
C004,T1008,2026-01-21,15738,groceries,M43,card,web,Delhi,-2066265,0
C004,T1009,2026-01-22,6832,electronics,M23,upi,web,Mumbai,-2073097,0
C004,T1010,2026-01-22,15947,electronics,M9,card,web,Mumbai,-2089044,1
C004,T1011,2026-01-23,9286,fuel,M34,card,web,Delhi,-2098330,1
C004,T1012,2026-01-24,5619,electronics,M30,netbanking,mobile,Hyderabad,-2103949,0
C004,T1013,2026-01-25,1547,entertainment,M12,netbanking,mobile,Mumbai,-2105496,1
C004,T1014,2026-01-26,9603,groceries,M6,netbanking,web,Mumbai,-2115099,1
C004,T1015,2026-01-28,6185,groceries,M1,card,web,Mumbai,-2121284,1
C004,T1016,2026-01-29,3353,entertainment,M31,netbanking,mobile,Mumbai,-2124637,1
C004,T1017,2026-01-29,10051,groceries,M14,upi,web,Hyderabad,-2134688,0
C004,T1018,2026-01-30,8629,entertainment,M18,card,web,Mumbai,-2143317,1
C004,T1019,2026-01-30,6059,fashion,M42,upi,mobile,Delhi,-2149376,0
C005,T1020,2025-08-01,16879,travel,M37,card,mobile,Mumbai,144971,1
C005,T1021,2025-08-01,3535,electronics,M20,netbanking,web,Hyderabad,141436,1
C005,T1022,2025-08-01,15253,entertainment,M23,netbanking,web,Bangalore,126183,0
C005,T1023,2025-08-01,3071,electronics,M8,card,mobile,Mumbai,123112,1
C005,T1024,2025-08-03,12782,fashion,M12,netbanking,mobile,Bangalore,110330,1
C005,T1025,2025-08-03,8366,groceries,M21,upi,mobile,Bangalore,101964,0
C005,T1026,2025-08-04,17658,fuel,M5,upi,web,Mumbai,84306,0
C005,T1027,2025-08-04,12488,fuel,M18,card,web,Bangalore,71818,0
C005,T1028,2025-08-04,7362,electronics,M6,upi,web,Bangalore,64456,1
C005,T1029,2025-08-07,18356,entertainment,M28,upi,web,Delhi,46100,0
C005,T1030,2025-08-09,7550,electronics,M24,card,web,Hyderabad,38550,1
C005,T1031,2025-08-10,16804,electronics,M44,card,mobile,Hyderabad,21746,1
C005,T1032,2025-08-10,10719,fuel,M34,netbanking,web,Delhi,11027,0
C005,T1033,2025-08-10,15040,electronics,M28,netbanking,web,Delhi,-4013,1
C005,T1034,2025-08-11,14535,fuel,M33,card,web,Delhi,-18548,1
C005,T1035,2025-08-11,19658,electronics,M37,upi,mobile,Bangalore,-38206,1
C005,T1036,2025-08-11,14282,fashion,M14,card,web,Delhi,-52488,1
C005,T1037,2025-08-11,5709,electronics,M44,card,mobile,Delhi,-58197,1
C005,T1038,2025-08-13,12637,fashion,M19,netbanking,web,Bangalore,-70834,0
C005,T1039,2025-08-14,4598,electronics,M9,netbanking,web,Mumbai,-75432,1
C005,T1040,2025-08-14,18704,electronics,M25,upi,web,Mumbai,-94136,0
C005,T1041,2025-08-15,1314,fashion,M19,netbanking,web,Mumbai,-95450,0
C005,T1042,2025-08-15,12370,entertainment,M33,upi,mobile,Delhi,-107820,1
C005,T1043,2025-08-17,14347,fashion,M29,netbanking,web,Delhi,-122167,0
C005,T1044,2025-08-17,11730,electronics,M29,card,web,Delhi,-133897,1
C005,T1045,2025-08-17,12570,fuel,M33,netbanking,web,Hyderabad,-146467,0
C005,T1046,2025-08-17,7371,fuel,M19,netbanking,mobile,Bangalore,-153838,1
C005,T1047,2025-08-19,6619,travel,M7,netbanking,mobile,Delhi,-160457,1
C005,T1048,2025-08-19,18261,groceries,M3,upi,mobile,Delhi,-178718,1
C005,T1049,2025-08-20,9098,travel,M35,card,web,Delhi,-187816,1
C005,T1050,2025-08-21,1931,electronics,M32,netbanking,web,Bangalore,-189747,0
C005,T1051,2025-08-22,1924,fashion,M49,card,mobile,Mumbai,-191671,1
C005,T1052,2025-08-22,11117,entertainment,M13,card,web,Mumbai,-202788,0
C005,T1053,2025-08-22,11885,groceries,M49,card,mobile,Bangalore,-214673,1
C005,T1054,2025-08-23,13422,entertainment,M36,netbanking,mobile,Delhi,-228095,1
C005,T1055,2025-08-24,4251,entertainment,M4,card,web,Hyderabad,-232346,1
C005,T1056,2025-08-26,15899,groceries,M29,netbanking,mobile,Hyderabad,-248245,0
C005,T1057,2025-08-26,4762,electronics,M48,upi,web,Mumbai,-253007,0
C005,T1058,2025-08-26,12741,fuel,M13,netbanking,mobile,Hyderabad,-265748,0
C005,T1059,2025-08-26,19195,fashion,M17,upi,mobile,Bangalore,-284943,0
C005,T1060,2025-08-26,8917,fashion,M27,netbanking,mobile,Hyderabad,-293860,0
C005,T1061,2025-08-28,8003,entertainment,M27,card,mobile,Bangalore,-301863,0
C005,T1062,2025-08-28,10960,fuel,M48,upi,mobile,Delhi,-312823,0
C005,T1063,2025-08-30,12449,fuel,M39,card,mobile,Delhi,-325272,1
C005,T1064,2025-08-30,491,groceries,M27,card,web,Mumbai,-325763,1
C005,T1065,2025-08-30,15663,entertainment,M27,netbanking,web,Delhi,-341426,0
C005,T1066,2025-08-30,10974,entertainment,M29,upi,web,Hyderabad,-352400,0
C005,T1067,2025-08-31,15640,fuel,M41,upi,mobile,Hyderabad,-368040,1
C005,T1068,2025-08-31,19887,groceries,M15,card,mobile,Delhi,-387927,1
C005,T1069,2025-09-01,11526,electronics,M38,upi,mobile,Delhi,-399453,0
C005,T1070,2025-09-01,8501,groceries,M32,upi,web,Hyderabad,-407954,1
C005,T1071,2025-09-01,10318,electronics,M12,card,web,Delhi,-418272,0
C005,T1072,2025-09-02,7705,entertainment,M22,netbanking,web,Bangalore,-425977,1
C005,T1073,2025-09-02,4234,fuel,M34,netbanking,web,Hyderabad,-430211,0
C005,T1074,2025-09-02,12162,travel,M44,upi,web,Bangalore,-442373,1
C005,T1075,2025-09-03,16106,entertainment,M25,card,mobile,Bangalore,-458479,1
C005,T1076,2025-09-04,4707,electronics,M45,netbanking,mobile,Delhi,-463186,0
C005,T1077,2025-09-04,18708,fashion,M23,upi,mobile,Delhi,-481894,1
C005,T1078,2025-09-04,15838,groceries,M47,upi,web,Mumbai,-497732,0
C005,T1079,2025-09-04,9163,entertainment,M12,card,web,Bangalore,-506895,0
C005,T1080,2025-09-04,10933,fuel,M19,netbanking,web,Hyderabad,-517828,1
C005,T1081,2025-09-05,9610,groceries,M49,card,web,Bangalore,-527438,1
C005,T1082,2025-09-06,16776,fashion,M24,netbanking,mobile,Bangalore,-544214,0
C005,T1083,2025-09-07,4642,fashion,M36,card,mobile,Bangalore,-548856,0
C005,T1084,2025-09-07,6221,fuel,M39,card,web,Delhi,-555077,0
C005,T1085,2025-09-07,12206,fuel,M13,netbanking,web,Bangalore,-567283,0
C005,T1086,2025-09-07,19868,travel,M34,netbanking,web,Bangalore,-587151,0
C005,T1087,2025-09-07,10355,fuel,M37,card,mobile,Hyderabad,-597506,1
C005,T1088,2025-09-08,19246,entertainment,M26,netbanking,mobile,Bangalore,-616752,0
C005,T1089,2025-09-08,16809,travel,M29,netbanking,mobile,Delhi,-633561,0
C005,T1090,2025-09-08,1821,entertainment,M49,card,mobile,Mumbai,-635382,1
C005,T1091,2025-09-09,15469,fashion,M11,card,mobile,Mumbai,-650851,0
C005,T1092,2025-09-09,8228,fashion,M3,upi,mobile,Delhi,-659079,0
C005,T1093,2025-09-09,13850,entertainment,M29,card,web,Mumbai,-672929,0
C005,T1094,2025-09-09,697,fuel,M25,upi,mobile,Delhi,-673626,0
C005,T1095,2025-09-11,13529,fuel,M25,upi,mobile,Bangalore,-687155,1
C005,T1096,2025-09-12,15284,fuel,M46,upi,web,Hyderabad,-702439,1
C005,T1097,2025-09-13,10614,groceries,M2,netbanking,web,Hyderabad,-713053,1
C005,T1098,2025-09-13,12341,entertainment,M46,card,mobile,Mumbai,-725394,0
C005,T1099,2025-09-14,12764,entertainment,M24,netbanking,mobile,Bangalore,-738158,0
C005,T1100,2025-09-15,6705,fashion,M28,card,mobile,Mumbai,-744863,1
C005,T1101,2025-09-16,4398,groceries,M34,upi,web,Bangalore,-749261,1
C005,T1102,2025-09-16,6697,fashion,M24,netbanking,mobile,Bangalore,-755958,0
C005,T1103,2025-09-17,8425,groceries,M6,upi,web,Mumbai,-764383,1
C005,T1104,2025-09-18,14611,entertainment,M6,upi,mobile,Delhi,-778994,0
C005,T1105,2025-09-18,5535,entertainment,M36,upi,web,Delhi,-784529,0
C005,T1106,2025-09-19,5511,fashion,M31,card,mobile,Delhi,-790040,0
C005,T1107,2025-09-19,4509,groceries,M31,netbanking,mobile,Mumbai,-794549,1
C005,T1108,2025-09-20,11686,travel,M15,card,web,Hyderabad,-806235,1
C005,T1109,2025-09-20,13833,groceries,M7,netbanking,web,Delhi,-820068,1
C005,T1110,2025-09-20,8891,electronics,M40,upi,mobile,Delhi,-828959,0
C005,T1111,2025-09-21,15854,groceries,M34,card,mobile,Delhi,-844813,0
C005,T1112,2025-09-22,17273,fashion,M18,card,web,Delhi,-862086,0
C005,T1113,2025-09-22,12155,entertainment,M36,card,mobile,Hyderabad,-874241,1
C005,T1114,2025-09-22,14274,fuel,M16,card,web,Delhi,-888515,1
C005,T1115,2025-09-24,18318,fuel,M37,card,web,Delhi,-906833,0
C005,T1116,2025-09-24,10239,fuel,M43,netbanking,web,Delhi,-917072,0
C005,T1117,2025-09-25,15875,electronics,M32,upi,mobile,Mumbai,-932947,1
C005,T1118,2025-09-25,19808,electronics,M42,upi,mobile,Delhi,-952755,1
C005,T1119,2025-09-26,13189,entertainment,M49,card,mobile,Hyderabad,-965944,0
C005,T1120,2025-09-26,13366,fashion,M40,card,web,Mumbai,-979310,0
C005,T1121,2025-09-27,17357,travel,M39,card,web,Bangalore,-996667,1
C005,T1122,2025-09-28,883,groceries,M37,netbanking,mobile,Delhi,-997550,0
C005,T1123,2025-09-30,8672,groceries,M2,upi,mobile,Hyderabad,-1006222,1
C005,T1124,2025-09-30,1205,travel,M10,card,web,Mumbai,-1007427,0
C005,T1125,2025-10-02,1590,groceries,M28,netbanking,mobile,Bangalore,-1009017,0
C005,T1126,2025-10-02,17316,electronics,M21,card,web,Bangalore,-1026333,0
C005,T1127,2025-10-03,2467,groceries,M23,netbanking,web,Bangalore,-1028800,1
C005,T1128,2025-10-03,19518,groceries,M6,netbanking,web,Bangalore,-1048318,0
C005,T1129,2025-10-04,19231,entertainment,M37,netbanking,web,Mumbai,-1067549,1
C005,T1130,2025-10-05,14258,electronics,M36,card,web,Hyderabad,-1081807,1
C005,T1131,2025-10-05,13103,travel,M40,upi,web,Mumbai,-1094910,0
C005,T1132,2025-10-06,1802,electronics,M1,netbanking,mobile,Mumbai,-1096712,0
C005,T1133,2025-10-07,6623,entertainment,M48,card,web,Bangalore,-1103335,0
C005,T1134,2025-10-07,9581,entertainment,M20,card,mobile,Mumbai,-1112916,0
C005,T1135,2025-10-08,11074,fuel,M43,card,mobile,Delhi,-1123990,0
C005,T1136,2025-10-09,2270,groceries,M47,card,web,Hyderabad,-1126260,0
C005,T1137,2025-10-09,6558,electronics,M5,upi,web,Bangalore,-1132818,0
C005,T1138,2025-10-10,6599,entertainment,M25,netbanking,mobile,Delhi,-1139417,0
C005,T1139,2025-10-10,901,travel,M10,upi,web,Delhi,-1140318,1
C005,T1140,2025-10-10,3301,entertainment,M2,upi,web,Hyderabad,-1143619,0
C005,T1141,2025-10-11,14955,electronics,M46,card,web,Bangalore,-1158574,0
C005,T1142,2025-10-11,15838,travel,M43,card,web,Mumbai,-1174412,1
C005,T1143,2025-10-14,9869,fashion,M6,upi,web,Delhi,-1184281,0
C005,T1144,2025-10-15,14242,fuel,M11,upi,mobile,Hyderabad,-1198523,0
C005,T1145,2025-10-15,5347,electronics,M22,card,mobile,Bangalore,-1203870,1
C005,T1146,2025-10-15,17164,fashion,M23,netbanking,mobile,Mumbai,-1221034,1
C005,T1147,2025-10-16,8972,fuel,M31,card,web,Delhi,-1230006,1
C005,T1148,2025-10-17,19651,entertainment,M40,upi,web,Mumbai,-1249657,0
C005,T1149,2025-10-17,2124,electronics,M4,netbanking,web,Delhi,-1251781,0
C005,T1150,2025-10-18,16016,groceries,M16,netbanking,web,Bangalore,-1267797,0
C005,T1151,2025-10-19,17777,electronics,M49,upi,mobile,Delhi,-1285574,1
C005,T1152,2025-10-19,7949,electronics,M18,upi,mobile,Bangalore,-1293523,0
C005,T1153,2025-10-22,8290,entertainment,M17,card,web,Bangalore,-1301813,0
C005,T1154,2025-10-23,7944,travel,M20,netbanking,mobile,Bangalore,-1309757,1
C005,T1155,2025-10-25,193,fashion,M48,netbanking,mobile,Hyderabad,-1309950,1
C005,T1156,2025-10-25,6751,fashion,M11,card,mobile,Mumbai,-1316701,1
C005,T1157,2025-10-26,6794,fashion,M19,netbanking,mobile,Mumbai,-1323495,0
C005,T1158,2025-10-26,344,electronics,M10,upi,web,Mumbai,-1323839,1
C005,T1159,2025-10-26,14124,groceries,M14,card,web,Hyderabad,-1337963,0
C005,T1160,2025-10-27,10992,entertainment,M47,upi,mobile,Hyderabad,-1348955,0
C005,T1161,2025-10-27,10603,fashion,M3,card,web,Hyderabad,-1359558,1
C005,T1162,2025-10-28,1057,travel,M49,netbanking,web,Mumbai,-1360615,1
C005,T1163,2025-10-28,11695,electronics,M28,upi,mobile,Delhi,-1372310,1
C005,T1164,2025-10-29,4183,electronics,M46,upi,web,Hyderabad,-1376493,0
C005,T1165,2025-10-29,17423,travel,M29,netbanking,web,Mumbai,-1393916,1
C005,T1166,2025-10-30,8953,fashion,M33,card,web,Mumbai,-1402869,1
C005,T1167,2025-10-31,1643,entertainment,M48,card,web,Mumbai,-1404512,0
C005,T1168,2025-10-31,19193,travel,M38,upi,web,Hyderabad,-1423705,1
C005,T1169,2025-11-01,8301,groceries,M39,netbanking,mobile,Bangalore,-1432006,0
C005,T1170,2025-11-03,1606,fuel,M12,upi,web,Mumbai,-1433612,0
C005,T1171,2025-11-03,12716,electronics,M41,netbanking,web,Delhi,-1446328,0
C005,T1172,2025-11-03,2910,fuel,M16,card,mobile,Hyderabad,-1449238,0
C005,T1173,2025-11-04,11765,travel,M9,card,web,Bangalore,-1461003,0
C005,T1174,2025-11-04,3890,travel,M44,upi,web,Mumbai,-1464893,1
C005,T1175,2025-11-06,4343,entertainment,M41,card,web,Bangalore,-1469236,1
C005,T1176,2025-11-07,13986,fashion,M25,card,mobile,Bangalore,-1483222,1
C005,T1177,2025-11-07,6549,entertainment,M25,netbanking,web,Hyderabad,-1489771,0
C005,T1178,2025-11-08,10155,fuel,M5,card,mobile,Bangalore,-1499926,0
C005,T1179,2025-11-09,1509,entertainment,M46,card,web,Delhi,-1501435,0
C005,T1180,2025-11-10,11762,travel,M8,upi,web,Bangalore,-1513197,1
C005,T1181,2025-11-10,2502,groceries,M8,netbanking,web,Delhi,-1515699,0
C005,T1182,2025-11-10,472,electronics,M29,card,web,Hyderabad,-1516171,0
C005,T1183,2025-11-10,19268,groceries,M26,card,mobile,Bangalore,-1535439,1
C005,T1184,2025-11-11,1503,travel,M24,card,web,Bangalore,-1536942,0
C005,T1185,2025-11-11,15161,electronics,M41,netbanking,web,Mumbai,-1552103,1
C005,T1186,2025-11-12,15688,entertainment,M29,upi,mobile,Delhi,-1567791,0
C005,T1187,2025-11-12,5972,entertainment,M40,card,web,Hyderabad,-1573763,0
C005,T1188,2025-11-13,3229,groceries,M10,upi,web,Mumbai,-1576992,0
C005,T1189,2025-11-14,11430,electronics,M43,netbanking,mobile,Hyderabad,-1588422,0
C005,T1190,2025-11-15,16250,fuel,M40,upi,web,Bangalore,-1604672,1
C005,T1191,2025-11-15,1345,groceries,M16,upi,mobile,Mumbai,-1606017,1
C005,T1192,2025-11-17,6138,entertainment,M42,netbanking,mobile,Mumbai,-1612155,0
C005,T1193,2025-11-17,14210,groceries,M13,upi,mobile,Bangalore,-1626365,0
C005,T1194,2025-11-17,12738,fashion,M34,card,mobile,Bangalore,-1639103,1
C005,T1195,2025-11-18,5444,fashion,M31,card,web,Delhi,-1644547,1
C005,T1196,2025-11-18,4577,entertainment,M9,card,web,Delhi,-1649124,1
C005,T1197,2025-11-19,5292,travel,M6,upi,web,Delhi,-1654416,1
C005,T1198,2025-11-19,5472,fuel,M43,netbanking,mobile,Mumbai,-1659888,0
C005,T1199,2025-11-20,9471,entertainment,M18,upi,mobile,Mumbai,-1669359,1
C005,T1200,2025-11-21,3282,electronics,M25,card,web,Delhi,-1672641,1
C005,T1201,2025-11-21,2686,groceries,M18,upi,mobile,Mumbai,-1675327,1
C005,T1202,2025-11-21,17354,travel,M4,card,mobile,Bangalore,-1692681,0
C005,T1203,2025-11-22,19724,travel,M30,card,mobile,Bangalore,-1712405,0
C005,T1204,2025-11-22,18742,fashion,M39,upi,mobile,Bangalore,-1731147,1
C005,T1205,2025-11-22,16779,entertainment,M38,card,web,Bangalore,-1747926,0
C005,T1206,2025-11-26,19897,fashion,M24,card,mobile,Delhi,-1767823,1
C005,T1207,2025-11-26,14036,entertainment,M18,netbanking,web,Mumbai,-1781859,0
C005,T1208,2025-11-26,11978,fashion,M10,card,mobile,Bangalore,-1793837,1
C005,T1209,2025-11-27,13413,entertainment,M48,netbanking,web,Delhi,-1807250,1
C005,T1210,2025-11-27,18174,fuel,M38,upi,mobile,Bangalore,-1825424,0
C005,T1211,2025-11-27,4402,electronics,M1,card,mobile,Mumbai,-1829826,0
C005,T1212,2025-11-28,1697,groceries,M36,netbanking,web,Hyderabad,-1831523,0
C005,T1213,2025-11-28,7532,travel,M11,upi,mobile,Delhi,-1839055,1
C005,T1214,2025-11-30,7102,electronics,M14,netbanking,web,Mumbai,-1846157,1
C005,T1215,2025-12-01,659,electronics,M17,upi,mobile,Hyderabad,-1846816,0
C005,T1216,2025-12-01,356,groceries,M47,card,web,Mumbai,-1847172,1
C005,T1217,2025-12-03,6511,fuel,M24,upi,mobile,Mumbai,-1853683,0
C005,T1218,2025-12-03,356,electronics,M42,netbanking,mobile,Bangalore,-1854039,1
C005,T1219,2025-12-03,2560,electronics,M2,card,web,Mumbai,-1856599,1
C005,T1220,2025-12-03,9681,fashion,M17,card,web,Hyderabad,-1866280,1
C005,T1221,2025-12-03,6886,travel,M4,card,web,Mumbai,-1873166,1
C005,T1222,2025-12-03,1293,groceries,M16,netbanking,mobile,Hyderabad,-1874459,1
C005,T1223,2025-12-04,4283,groceries,M22,card,web,Mumbai,-1878742,1
C005,T1224,2025-12-04,3744,entertainment,M27,upi,web,Mumbai,-1882486,1
C005,T1225,2025-12-04,3714,travel,M12,upi,mobile,Hyderabad,-1886200,1
C005,T1226,2025-12-05,13869,fashion,M27,netbanking,mobile,Bangalore,-1900069,0
C005,T1227,2025-12-05,12499,fashion,M36,upi,web,Bangalore,-1912568,0
C005,T1228,2025-12-05,4212,fuel,M11,upi,mobile,Mumbai,-1916780,1
C005,T1229,2025-12-06,9940,travel,M4,card,web,Mumbai,-1926720,1
C005,T1230,2025-12-06,4342,electronics,M17,card,web,Delhi,-1931062,0
C005,T1231,2025-12-06,12891,fashion,M1,netbanking,mobile,Delhi,-1943953,0
C005,T1232,2025-12-07,12851,travel,M2,upi,web,Hyderabad,-1956804,0
C005,T1233,2025-12-08,10676,travel,M30,card,mobile,Bangalore,-1967480,0
C005,T1234,2025-12-09,2389,travel,M31,card,web,Hyderabad,-1969869,0
C005,T1235,2025-12-09,17924,entertainment,M7,netbanking,mobile,Hyderabad,-1987793,1
C005,T1236,2025-12-09,12434,entertainment,M28,card,mobile,Hyderabad,-2000227,0
C005,T1237,2025-12-09,6068,travel,M26,upi,mobile,Mumbai,-2006295,0
C005,T1238,2025-12-11,9256,travel,M36,netbanking,web,Bangalore,-2015551,1
C005,T1239,2025-12-11,4411,groceries,M17,netbanking,web,Hyderabad,-2019962,0
C005,T1240,2025-12-12,13944,fashion,M18,netbanking,web,Bangalore,-2033906,0
C005,T1241,2025-12-15,14360,fashion,M4,netbanking,mobile,Hyderabad,-2048266,0
C005,T1242,2025-12-15,10925,electronics,M23,upi,mobile,Bangalore,-2059191,1
C005,T1243,2025-12-19,10624,groceries,M33,card,mobile,Delhi,-2069815,1
C005,T1244,2025-12-22,4582,fuel,M41,netbanking,web,Mumbai,-2074397,0
C005,T1245,2025-12-24,4795,travel,M41,card,mobile,Bangalore,-2079192,1
C005,T1246,2025-12-24,11424,entertainment,M19,upi,mobile,Delhi,-2090616,1
C005,T1247,2025-12-25,14479,groceries,M13,upi,mobile,Hyderabad,-2105095,0
C005,T1248,2025-12-26,6568,entertainment,M31,netbanking,mobile,Hyderabad,-2111663,1
C005,T1249,2025-12-26,17348,fuel,M10,upi,mobile,Bangalore,-2129011,0
C005,T1250,2025-12-27,4101,groceries,M28,netbanking,mobile,Mumbai,-2133112,1
C005,T1251,2025-12-28,6491,fuel,M3,card,web,Bangalore,-2139603,1
C005,T1252,2025-12-29,8223,electronics,M32,card,mobile,Mumbai,-2147826,0
C005,T1253,2025-12-29,4119,fashion,M34,card,mobile,Mumbai,-2151945,0
C005,T1254,2025-12-30,11236,fashion,M39,upi,web,Delhi,-2163181,0
C005,T1255,2025-12-31,17890,electronics,M23,upi,web,Bangalore,-2181071,1
C005,T1256,2025-12-31,5028,electronics,M9,netbanking,web,Bangalore,-2186099,1
C005,T1257,2025-12-31,14060,electronics,M16,upi,web,Mumbai,-2200159,0
C005,T1258,2026-01-01,11820,fuel,M2,netbanking,web,Bangalore,-2211979,0
C005,T1259,2026-01-03,16899,fuel,M39,upi,mobile,Mumbai,-2228878,0
C005,T1260,2026-01-06,2473,groceries,M25,upi,web,Delhi,-2231351,1
C005,T1261,2026-01-06,12774,travel,M18,upi,web,Hyderabad,-2244125,1
C005,T1262,2026-01-07,13380,travel,M45,upi,web,Delhi,-2257505,1
C005,T1263,2026-01-07,5691,entertainment,M35,card,web,Bangalore,-2263196,0
C005,T1264,2026-01-08,19566,groceries,M38,upi,web,Bangalore,-2282762,1
C005,T1265,2026-01-09,2339,entertainment,M4,netbanking,web,Mumbai,-2285101,0
C005,T1266,2026-01-10,11628,groceries,M9,netbanking,mobile,Hyderabad,-2296729,0
C005,T1267,2026-01-10,12176,electronics,M33,card,web,Delhi,-2308905,0
C005,T1268,2026-01-10,8218,fuel,M16,upi,mobile,Delhi,-2317123,0
C005,T1269,2026-01-11,486,electronics,M25,upi,mobile,Bangalore,-2317609,1
C005,T1270,2026-01-13,6242,entertainment,M41,netbanking,web,Bangalore,-2323851,0
C005,T1271,2026-01-13,1954,groceries,M32,upi,web,Bangalore,-2325805,1
C005,T1272,2026-01-13,6784,fashion,M17,card,web,Bangalore,-2332589,0
C005,T1273,2026-01-15,8038,travel,M33,card,web,Delhi,-2340627,1
C005,T1274,2026-01-16,17524,electronics,M46,netbanking,mobile,Delhi,-2358151,0
C005,T1275,2026-01-16,3194,entertainment,M45,card,mobile,Bangalore,-2361345,1
C005,T1276,2026-01-16,19004,fuel,M16,card,web,Bangalore,-2380349,1
C005,T1277,2026-01-16,15688,fuel,M22,card,mobile,Delhi,-2396037,1
C005,T1278,2026-01-17,14777,travel,M13,netbanking,mobile,Mumbai,-2410814,1
C005,T1279,2026-01-17,6503,fuel,M13,netbanking,mobile,Mumbai,-2417317,0
C005,T1280,2026-01-17,353,fuel,M5,card,web,Mumbai,-2417670,1
C005,T1281,2026-01-18,15347,fuel,M15,card,mobile,Hyderabad,-2433017,0
C005,T1282,2026-01-19,8706,groceries,M29,card,mobile,Mumbai,-2441723,0
C005,T1283,2026-01-19,5707,travel,M3,netbanking,web,Bangalore,-2447430,0
C005,T1284,2026-01-19,7499,travel,M29,upi,mobile,Delhi,-2454929,0
C005,T1285,2026-01-21,15426,travel,M3,netbanking,mobile,Mumbai,-2470355,0
C005,T1286,2026-01-21,15182,travel,M45,upi,web,Hyderabad,-2485537,0
C005,T1287,2026-01-21,1200,groceries,M5,card,web,Bangalore,-2486737,0
C005,T1288,2026-01-22,9881,fashion,M30,netbanking,mobile,Bangalore,-2496618,0
C005,T1289,2026-01-24,8109,fuel,M23,netbanking,web,Delhi,-2504727,1
C005,T1290,2026-01-25,3467,entertainment,M48,card,web,Hyderabad,-2508194,1
C005,T1291,2026-01-25,13459,travel,M17,netbanking,mobile,Bangalore,-2521653,1
C005,T1292,2026-01-25,15545,fashion,M11,card,web,Delhi,-2537198,1
C005,T1293,2026-01-26,1195,entertainment,M24,card,web,Delhi,-2538393,0
C005,T1294,2026-01-26,19331,electronics,M41,upi,mobile,Hyderabad,-2557724,1
C005,T1295,2026-01-26,1312,electronics,M42,card,web,Mumbai,-2559036,1
C005,T1296,2026-01-27,10815,entertainment,M33,upi,mobile,Delhi,-2569851,1
C005,T1297,2026-01-28,7955,fuel,M43,card,mobile,Bangalore,-2577806,0
C005,T1298,2026-01-28,8725,entertainment,M13,netbanking,mobile,Delhi,-2586531,1
C005,T1299,2026-01-28,10880,entertainment,M1,card,web,Mumbai,-2597411,1
C005,T1300,2026-01-29,16401,travel,M45,card,web,Delhi,-2613812,1
C005,T1301,2026-01-31,9355,entertainment,M23,netbanking,web,Delhi,-2623167,0
